Group 1,Group 2,Group 3,Group 4,Group 5,Group 6,Group 7,Group 8,Group 9,Group 10,Group 11,Group 12,Group 13,Group 14,Group 15,Group 16,Group 17,Group 18,Group 19,Group 20,Group 21,Group 22,Group 23,Group 24,Group 25,Group 26,Group 27,Group 28,Group 29,Group 30,Group 31,Group 32,Group 33,Group 34,Group 35
Alex Lee,Cameron Moore,Skyler Moore,Riley Martinez,Chris Smith,Cameron Lee,Morgan Martinez,Jamie Moore,Jamie Davis,Chris Lee,Cameron Brown,Casey Miller,Jordan Garcia,Riley Moore,Jordan Wilson,Alex Miller,Taylor Miller,Morgan Johnson,Riley Wilson,Jamie Garcia,Cameron Davis,Taylor Johnson,Cameron Miller,Jordan Smith,Riley Smith,Skyler Martinez,Taylor Lee,Morgan Miller,Taylor Martinez,Chris Moore,Jamie Davis,Chris Miller,Jamie Smith,Cameron Moore,Taylor Smith
Skyler Miller,Morgan Wilson,Taylor Martinez,Casey Moore,Morgan Brown,Chris Garcia,Taylor Miller,Chris Brown,Skyler Brown,Skyler Davis,Alex Smith,Morgan Moore,Cameron Wilson,Jordan Moore,,Taylor Miller,Morgan Garcia,Chris Miller,Skyler Garcia,Morgan Smith,Skyler Martinez,Chris Johnson,Chris Smith,Morgan Garcia,Alex Wilson,Casey Miller,Jordan Johnson,Skyler Miller,Morgan Johnson,Casey Wilson,Alex Smith,Taylor Johnson,Alex Johnson,Cameron Garcia,Jamie Davis
Cameron Brown,Alex Johnson,Chris Moore,Alex Martinez,Chris Davis,Jamie Martinez,Cameron Wilson,Skyler Smith,Chris Moore,Casey Martinez,Skyler Miller,Casey Smith,Cameron Wilson,Taylor Wilson,,Jordan Martinez,Alex Martinez,Morgan Miller,Alex Smith,Taylor Martinez,Riley Garcia,Casey Smith,Casey Miller,Jordan Davis,Jamie Martinez,Morgan Garcia,Casey Davis,Taylor Wilson,Cameron Garcia,Jamie Garcia,Cameron Lee,Skyler Davis,Taylor Wilson,,Alex Smith
Cameron Moore,Riley Davis,Skyler Garcia,Morgan Martinez,Alex Davis,Taylor Lee,Jamie Brown,Riley Davis,Alex Garcia,Riley Garcia,Chris Garcia,Taylor Martinez,Alex Garcia,Taylor Martinez,,Cameron Brown,Casey Brown,Chris Smith,Riley Brown,Chris Lee,Alex Garcia,Alex Lee,Cameron Moore,Casey Moore,Jordan Davis,Skyler Lee,Taylor Moore,Casey Wilson,Chris Smith,Taylor Brown,Cameron Smith,Skyler Garcia,Skyler Miller,,Chris Johnson
Morgan Smith,Skyler Smith,Chris Davis,Skyler Brown,Skyler Davis,Riley Brown,Casey Smith,Riley Davis,Morgan Moore,Skyler Martinez,Taylor Moore,Chris Brown,Casey Davis,Skyler Brown,,Alex Martinez,Morgan Martinez,Morgan Johnson,Riley Brown,Morgan Wilson,Morgan Wilson,Jamie Smith,Skyler Miller,Jordan Miller,Jordan Moore,Riley Brown,,Jamie Moore,Casey Smith,Cameron Garcia,Morgan Davis,Alex Brown,Morgan Miller,,Morgan Johnson
Taylor Garcia,Chris Wilson,Riley Smith,Casey Martinez,Cameron Johnson,Casey Davis,Chris Wilson,Chris Miller,Cameron Garcia,Cameron Miller,Skyler Brown,Jamie Martinez,Riley Davis,,,Riley Davis,Alex Wilson,Chris Brown,Casey Martinez,Riley Moore,Morgan Martinez,Alex Miller,Jordan Moore,Skyler Johnson,Chris Smith,Jordan Lee,,Alex Wilson,Chris Brown,Riley Johnson,Casey Moore,Casey Wilson,Riley Moore,,Morgan Martinez
Taylor Smith,Taylor Johnson,Jordan Smith,Cameron Davis,Chris Moore,Jamie Lee,Alex Wilson,Cameron Miller,Morgan Moore,Jamie Brown,Alex Johnson,Skyler Davis,Jordan Lee,,,Alex Brown,Riley Brown,Jamie Johnson,Morgan Garcia,Alex Davis,Casey Johnson,Taylor Martinez,Cameron Johnson,Riley Wilson,Taylor Moore,Morgan Miller,,Taylor Martinez,Alex Wilson,Taylor Wilson,Riley Smith,Jamie Davis,Riley Moore,,Cameron Martinez
Alex Davis,Casey Moore,Cameron Davis,Casey Johnson,Cameron Smith,Morgan Garcia,Riley Lee,Alex Martinez,Jamie Miller,Chris Miller,Morgan Wilson,Chris Miller,Cameron Garcia,,,Jamie Garcia,Chris Wilson,Jordan Lee,Taylor Miller,Riley Lee,Riley Davis,Cameron Martinez,Morgan Moore,Chris Garcia,Casey Garcia,Riley Miller,,Riley Brown,Morgan Miller,Chris Brown,Chris Wilson,Jordan Wilson,Alex Martinez,,Taylor Garcia
Jordan Johnson,,Casey Davis,Casey Miller,Casey Brown,Chris Davis,Morgan Garcia,Skyler Davis,Cameron Moore,Alex Moore,Cameron Smith,Skyler Moore,Alex Martinez,,,Alex Garcia,Alex Brown,Taylor Martinez,Riley Wilson,Morgan Martinez,Jamie Brown,Riley Martinez,Jamie Wilson,Jamie Johnson,Riley Smith,Jamie Martinez,,Jordan Garcia,Riley Davis,Chris Garcia,Chris Miller,Cameron Miller,Jamie Davis,,Chris Garcia
Chris Martinez,,Alex Wilson,,Cameron Smith,Alex Johnson,Jordan Wilson,Jamie Moore,Skyler Garcia,,Casey Garcia,Skyler Wilson,Chris Johnson,,,Taylor Wilson,Taylor Smith,Morgan Davis,Riley Martinez,Cameron Davis,Riley Wilson,Alex Smith,Chris Johnson,Skyler Lee,Jamie Lee,Riley Johnson,,Skyler Martinez,Casey Wilson,Jamie Lee,Cameron Garcia,Chris Davis,Alex Miller,,Jamie Lee
Riley Moore,,Alex Smith,,Jordan Moore,Jamie Lee,Chris Brown,Jordan Martinez,Skyler Lee,,,Alex Brown,Chris Davis,,,Riley Davis,,Jordan Lee,Jamie Garcia,Cameron Brown,Jamie Davis,Casey Moore,Jordan Brown,Alex Martinez,Casey Martinez,Jamie Garcia,,Taylor Johnson,Riley Miller,Cameron Johnson,Morgan Wilson,Cameron Johnson,Cameron Lee,,Casey Smith
Chris Davis,,Casey Johnson,,Morgan Martinez,Jamie Wilson,Jordan Garcia,Jordan Lee,Taylor Garcia,,,Skyler Moore,Jamie Garcia,,,Alex Smith,,Taylor Davis,Cameron Smith,Cameron Smith,Alex Miller,Chris Miller,,Morgan Lee,Taylor Wilson,Taylor Moore,,Riley Brown,Cameron Johnson,Chris Johnson,Jordan Lee,Cameron Lee,Chris Brown,,Riley Johnson
Casey Davis,,Cameron Brown,,Taylor Johnson,Taylor Lee,Skyler Brown,Taylor Miller,,,,Chris Davis,Chris Johnson,,,Skyler Johnson,,Morgan Lee,Casey Wilson,Morgan Miller,Jordan Brown,Cameron Miller,,Morgan Moore,Alex Moore,Chris Moore,,,Jamie Lee,Alex Brown,Chris Wilson,Jordan Davis,Morgan Martinez,,
Taylor Moore,,Alex Wilson,,Morgan Garcia,Morgan Davis,Taylor Johnson,Cameron Lee,,,,Taylor Moore,Chris Martinez,,,Casey Lee,,Casey Brown,Taylor Brown,Skyler Miller,Alex Miller,Jordan Brown,,Skyler Wilson,Alex Johnson,Cameron Martinez,,,Jamie Lee,Chris Martinez,Jordan Martinez,Riley Davis,Jordan Wilson,,
Jamie Moore,,Riley Smith,,Riley Miller,Taylor Smith,,Jamie Miller,,,,,Skyler Brown,,,Morgan Smith,,Jamie Miller,Taylor Davis,Riley Lee,Taylor Miller,Jamie Davis,,Cameron Johnson,Jamie Lee,Jordan Moore,,,Morgan Lee,Cameron Davis,Morgan Wilson,Taylor Garcia,Chris Miller,,
Riley Moore,,Jordan Smith,,Chris Johnson,Cameron Miller,,Skyler Davis,,,,,Taylor Lee,,,Jordan Garcia,,Skyler Davis,Cameron Brown,Taylor Brown,Taylor Martinez,Morgan Miller,,Riley Lee,Chris Johnson,Chris Davis,,,Jamie Davis,Casey Wilson,,,Jordan Moore,,
Morgan Miller,,Jamie Miller,,Casey Smith,Riley Brown,,Chris Garcia,,,,,Skyler Johnson,,,Cameron Johnson,,Skyler Smith,Jordan Johnson,Taylor Miller,Taylor Davis,,,Alex Davis,Skyler Davis,Casey Lee,,,Casey Lee,Taylor Moore,,,Cameron Martinez,,
Jordan Miller,,Cameron Wilson,,Skyler Moore,Taylor Smith,,Chris Smith,,,,,Jamie Johnson,,,Cameron Martinez,,Skyler Martinez,,Skyler Moore,Alex Smith,,,Alex Garcia,Cameron Martinez,Jordan Johnson,,,Chris Brown,Cameron Lee,,,Riley Garcia,,
Riley Wilson,,Jamie Garcia,,Alex Smith,Morgan Johnson,,,,,,,Jordan Moore,,,Taylor Brown,,Riley Lee,,Taylor Martinez,Jordan Moore,,,Riley Wilson,,Taylor Miller,,,Skyler Smith,Casey Johnson,,,Skyler Moore,,
,,Taylor Garcia,,Jamie Johnson,Skyler Lee,,,,,,,Jamie Lee,,,Casey Davis,,Alex Martinez,,Chris Wilson,Riley Garcia,,,Jordan Brown,,Riley Smith,,,Jamie Davis,Chris Smith,,,Taylor Johnson,,
,,Casey Wilson,,Taylor Johnson,Taylor Miller,,,,,,,Casey Miller,,,Alex Moore,,Jordan Lee,,Jamie Miller,Skyler Martinez,,,Riley Martinez,,Riley Martinez,,,Jamie Johnson,Jamie Davis,,,Cameron Garcia,,
,,Casey Brown,,Taylor Lee,Morgan Lee,,,,,,,Skyler Wilson,,,Casey Lee,,Jordan Garcia,,Jamie Davis,Taylor Moore,,,Cameron Garcia,,Skyler Smith,,,Taylor Garcia,Jordan Smith,,,Cameron Lee,,
,,Chris Lee,,Jordan Moore,Casey Lee,,,,,,,Casey Lee,,,Chris Smith,,Morgan Wilson,,Casey Davis,Cameron Garcia,,,Skyler Johnson,,Casey Moore,,,Taylor Garcia,Chris Brown,,,Chris Davis,,
,,Riley Miller,,Casey Moore,Alex Martinez,,,,,,,Casey Johnson,,,Chris Wilson,,Morgan Moore,,Alex Miller,Chris Garcia,,,Jamie Johnson,,Taylor Johnson,,,Casey Davis,Morgan Smith,,,Morgan Moore,,
,,Taylor Moore,,Riley Miller,Morgan Johnson,,,,,,,Riley Moore,,,Riley Martinez,,Morgan Smith,,,Riley Martinez,,,Riley Lee,,Alex Brown,,,,Alex Moore,,,Alex Moore,,
,,Casey Davis,,Skyler Lee,,,,,,,,Alex Wilson,,,Casey Miller,,Casey Lee,,,Alex Lee,,,Cameron Davis,,Jamie Wilson,,,,Morgan Wilson,,,Taylor Brown,,
,,Jordan Smith,,Cameron Moore,,,,,,,,Skyler Garcia,,,Skyler Lee,,Chris Brown,,,Casey Lee,,,Riley Garcia,,Chris Garcia,,,,Jordan Miller,,,Cameron Wilson,,
,,,,Riley Lee,,,,,,,,Alex Garcia,,,Casey Smith,,Cameron Martinez,,,,,,Taylor Moore,,Skyler Brown,,,,,,,Riley Moore,,
,,,,,,,,,,,,Cameron Smith,,,,,,,,,,,Jordan Wilson,,Riley Miller,,,,,,,Taylor Miller,,
,,,,,,,,,,,,Chris Wilson,,,,,,,,,,,Chris Johnson,,Casey Miller,,,,,,,Skyler Garcia,,
,,,,,,,,,,,,Morgan Wilson,,,,,,,,,,,Riley Garcia,,Taylor Brown,,,,,,,Cameron Moore,,
,,,,,,,,,,,,,,,,,,,,,,,Jordan Wilson,,Taylor Garcia,,,,,,,Cameron Martinez,,
,,,,,,,,,,,,,,,,,,,,,,,Jamie Brown,,Alex Miller,,,,,,,Morgan Miller,,
,,,,,,,,,,,,,,,,,,,,,,,Riley Wilson,,Alex Garcia,,,,,,,Riley Johnson,,
,,,,,,,,,,,,,,,,,,,,,,,,,Alex Moore,,,,,,,Morgan Martinez,,
