Table 1,Table 2,Table 3,Table 4,Table 5,Table 6,Table 7,Table 8,Table 9,Table 10,Table 11,Table 12,Table 13,Table 14,Table 15,Table 16,Table 17,Table 18,Table 19,Table 20,Table 21,Table 22,Table 23,Table 24,Table 25,Table 26,Table 27,Table 28,Table 29,Table 30,Table 31,Table 32,Table 33,Table 34,Table 35,Table 36,Table 37,Table 38,Table 39,Table 40,Table 41,Table 42,Table 43,Table 44,Table 45
Alex Miller,Casey Lee,Alex Moore,Taylor Johnson,Jordan Johnson,Taylor Martinez,Skyler Martinez,Casey Garcia,Casey Smith,Jamie Wilson,Chris Johnson,Cameron Miller,Jordan Moore,Chris Smith,Chris Brown,Riley Lee,Cameron Smith,Alex Miller,Jordan Lee,Jordan Wilson,Taylor Johnson,Alex Davis,Skyler Johnson,Casey Johnson,Morgan Miller,Taylor Davis,Cameron Lee,Chris Miller,Alex Miller,Morgan Lee,Cameron Brown,Cameron Johnson,Taylor Martinez,Skyler Smith,Skyler Brown,Taylor Martinez,Jamie Davis,Skyler Smith,Skyler Moore,Alex Smith,Alex Moore,Casey Wilson,Chris Moore,Riley Johnson,Jamie Johnson
Casey Johnson,Jamie Lee,Alex Miller,Chris Miller,Alex Martinez,Chris Brown,Taylor Miller,Casey Smith,Jordan Smith,Jamie Wilson,Riley Garcia,Morgan Martinez,Skyler Garcia,Skyler Miller,Casey Johnson,Chris Brown,Skyler Lee,Jordan Moore,Morgan Wilson,Casey Moore,Jordan Moore,Riley Davis,Taylor Smith,Morgan Johnson,Chris Lee,Casey Smith,Jamie Miller,Skyler Johnson,Chris Davis,Alex Garcia,Riley Moore,Jordan Moore,Jordan Martinez,Taylor Garcia,Jamie Moore,Skyler Garcia,Jordan Moore,Riley Johnson,Riley Johnson,Alex Garcia,Taylor Lee,Casey Garcia,Alex Martinez,Cameron Martinez,Taylor Smith
Taylor Smith,Skyler Wilson,Morgan Johnson,Casey Smith,Morgan Garcia,Chris Martinez,Casey Moore,Skyler Moore,Chris Wilson,Jamie Smith,Jordan Wilson,Casey Miller,Casey Smith,Casey Johnson,Casey Moore,Skyler Martinez,Chris Garcia,Alex Garcia,Morgan Miller,Jamie Moore,Morgan Miller,Chris Wilson,Casey Davis,Jamie Johnson,Skyler Johnson,Jordan Garcia,Riley Smith,Riley Smith,Riley Miller,Riley Brown,Jordan Wilson,Taylor Moore,Taylor Martinez,Morgan Johnson,Cameron Miller,Chris Brown,Cameron Martinez,Skyler Davis,Alex Martinez,Casey Moore,Skyler Johnson,Chris Moore,Riley Martinez,Taylor Johnson,Jordan Martinez
Chris Wilson,Riley Garcia,Jordan Wilson,Skyler Wilson,Cameron Moore,Alex Lee,Riley Miller,Skyler Lee,Alex Wilson,Jamie Moore,Jamie Martinez,Riley Davis,Riley Davis,Jordan Lee,Chris Miller,Jamie Brown,Riley Garcia,Casey Brown,Cameron Wilson,Jamie Brown,Skyler Lee,Chris Garcia,Riley Moore,Skyler Davis,Riley Davis,Chris Miller,Riley Smith,Chris Martinez,Riley Davis,Jamie Davis,Taylor Martinez,Riley Lee,Morgan Miller,Jamie Garcia,Skyler Smith,Cameron Garcia,Chris Davis,Riley Johnson,Skyler Davis,Taylor Davis,Morgan Moore,Alex Davis,Jordan Moore,Casey Wilson,Riley Moore
Morgan Davis,Cameron Garcia,Riley Moore,Chris Garcia,Cameron Garcia,Jordan Martinez,Cameron Moore,Skyler Wilson,Riley Brown,Jordan Wilson,Jamie Martinez,Alex Davis,Jamie Davis,Alex Martinez,Cameron Garcia,Morgan Lee,Taylor Moore,Jordan Davis,Casey Garcia,Morgan Miller,Jordan Johnson,Jordan Davis,Taylor Johnson,Skyler Moore,Morgan Smith,Jordan Johnson,Riley Garcia,Taylor Lee,Skyler Moore,Casey Lee,Morgan Johnson,Jordan Johnson,Jamie Davis,Jamie Smith,Casey Miller,Jordan Moore,Alex Martinez,Jamie Smith,Taylor Martinez,Skyler Miller,Jamie Wilson,Morgan Brown,Skyler Moore,Jamie Smith,Casey Brown
Chris Lee,Jamie Garcia,Cameron Lee,Chris Martinez,Taylor Davis,Taylor Miller,Taylor Garcia,Jordan Brown,Riley Moore,Casey Garcia,Morgan Lee,Taylor Wilson,Cameron Davis,Riley Garcia,Cameron Johnson,Casey Martinez,Casey Martinez,Jamie Lee,Riley Miller,Morgan Lee,Morgan Johnson,Morgan Smith,Skyler Smith,Morgan Garcia,Skyler Martinez,Riley Smith,Skyler Johnson,Riley Smith,Chris Johnson,Skyler Lee,Morgan Brown,Alex Davis,Chris Brown,Casey Martinez,Chris Wilson,Riley Miller,Riley Brown,Jordan Lee,Alex Wilson,Cameron Lee,Chris Garcia,Riley Martinez,Riley Smith,Morgan Brown,Cameron Lee
Jamie Smith,Skyler Brown,Skyler Smith,Skyler Smith,Skyler Brown,Jamie Miller,Cameron Miller,Skyler Wilson,Morgan Lee,Skyler Smith,Cameron Wilson,Morgan Johnson,Chris Smith,Cameron Smith,Jamie Smith,Skyler Wilson,Jamie Brown,Jordan Johnson,Alex Miller,Casey Johnson,Jamie Davis,Skyler Davis,Jordan Johnson,Alex Martinez,Skyler Davis,Riley Lee,Morgan Miller,Cameron Davis,Cameron Moore,Morgan Davis,Casey Miller,Taylor Wilson,Cameron Wilson,Morgan Lee,Jamie Brown,Jamie Miller,Alex Davis,Skyler Brown,Taylor Lee,Jordan Miller,Taylor Miller,Skyler Brown,Casey Moore,Taylor Wilson,Morgan Smith
Casey Lee,Jordan Brown,Cameron Moore,Chris Wilson,Alex Smith,Chris Davis,Cameron Garcia,Jamie Garcia,Chris Johnson,Morgan Brown,Riley Miller,Taylor Moore,Skyler Davis,Chris Davis,Morgan Smith,Jamie Moore,Skyler Martinez,Jordan Martinez,Jordan Miller,Riley Smith,Cameron Miller,Casey Martinez,Chris Miller,Morgan Davis,Riley Davis,Riley Wilson,Riley Miller,Riley Moore,Casey Lee,Chris Lee,Alex Davis,Jamie Moore,Taylor Brown,Riley Lee,Taylor Miller,Alex Smith,Riley Lee,Cameron Martinez,Chris Moore,Jamie Wilson,Casey Davis,Cameron Miller,Taylor Wilson,Riley Miller,Skyler Miller
Jordan Wilson,Cameron Martinez,Skyler Davis,,,Alex Davis,,,Alex Martinez,Alex Martinez,Alex Smith,Casey Martinez,Taylor Martinez,Riley Brown,Jordan Miller,Morgan Garcia,Skyler Moore,Cameron Lee,,,,Jordan Brown,Morgan Johnson,Jamie Miller,Skyler Miller,,Jamie Smith,Casey Lee,Alex Martinez,,,Chris Martinez,,Morgan Martinez,Alex Brown,Casey Johnson,Cameron Moore,Cameron Johnson,Casey Martinez,Riley Brown,,Jamie Davis,,Alex Moore,Jordan Wilson
,Skyler Brown,Cameron Moore,,,,,,,Skyler Wilson,Casey Martinez,,,,,,,Cameron Martinez,,,,Jamie Miller,Jordan Garcia,Riley Moore,Chris Wilson,,,,,,,Jordan Johnson,,Jamie Miller,,,Cameron Martinez,Riley Johnson,,,,,,Jordan Davis,
