player_id,name,name_first,name_last,country,dob,career_high_rank,best_year_end_rank,first_top20,last_top20,weeks_in_top20,year_end_top20_years
K023,Aaron Krickstein,Aaron,Krickstein,USA,1967-08-02,6,8.0,1984-07-23,1992-10-19,206.0,"1984,1988,1989,1990"
P059,Adriano Panatta,Adriano,Panatta,ITA,1950-07-09,4,7.0,1973-08-23,1981-06-08,169.6,"1973,1975,1976"
C378,Albert Costa,Albert,Costa,ESP,1975-06-25,6,9.0,1996-02-19,2003-07-14,250.0,"1996,1997,1998,1999,2002"
P305,Albert Portas,Albert,Portas,ESP,1973-11-15,19,20.0,2001-05-21,2002-01-21,14.0,2001
B428,Alberto Berasategui,Alberto,Berasategui,ESP,1973-06-28,7,8.0,1994-06-06,1998-10-12,147.0,"1994,1996"
M372,Alberto Mancini,Alberto,Mancini,ARG,1969-05-20,8,9.0,1989-05-22,1992-06-29,62.0,1989
DH50,Alejandro Davidovich Fokina,Alejandro Davidovich,Fokina,ESP,1999-06-05,14,14.0,2025-07-28,2026-01-19,26.0,2025
C344,Alex Corretja,Alex,Corretja,ESP,1974-04-11,2,3.0,1996-10-07,2003-06-02,291.0,"1997,1998,2000,2001,2002"
DH58,Alex de Minaur,Alex,de Minaur,AUS,1999-02-17,6,7.0,2019-10-28,2026-01-19,180.0,"2019,2023,2024,2025"
M271,Alex Metreveli,Alex,Metreveli,GEO,1944-11-02,9,13.0,1974-05-01,1975-04-08,52.0,1974
BK92,Alexander Bublik,Alexander,Bublik,KAZ,1997-06-17,10,11.0,2024-03-04,2026-01-19,36.0,2025
V037,Alexander Volkov,Alexander,Volkov,RUS,1967-03-03,14,17.0,1991-02-11,1994-03-28,112.0,"1992,1993"
Z355,Alexander Zverev,Alexander,Zverev,GER,1997-04-20,2,2.0,2016-10-17,2026-01-19,436.0,"2017,2018,2019,2020,2021,2022,2023,2024,2025"
D801,Alexandr Dolgopolov,Alexandr,Dolgopolov,UKR,1988-11-07,13,15.0,2011-04-18,2014-08-04,71.0,"2011,2012"
J006,Anders Jarryd,Anders,Jarryd,SWE,1961-07-13,5,6.0,1983-11-14,1988-10-10,235.0,"1983,1984,1985,1986,1987"
A092,Andre Agassi,Andre,Agassi,USA,1970-04-29,1,1.0,1988-02-15,2006-07-24,868.0,"1988,1989,1990,1991,1992,1994,1995,1996,1998,1999,2000,2001,2002,2003,2004,2005"
C031,Andrei Chesnokov,Andrei,Chesnokov,RUS,1966-02-02,9,12.0,1988-03-14,1992-03-16,137.0,"1988,1990"
M475,Andrei Medvedev,Andrei,Medvedev,UKR,1974-08-31,4,6.0,1993-02-01,2000-06-05,177.0,"1993,1994,1995"
P280,Andrei Pavel,Andrei,Pavel,ROU,1974-01-27,13,18.0,2001-04-16,2005-01-24,35.0,2004
G023,Andres Gomez,Andres,Gomez,ECU,1960-02-27,4,5.0,1982-03-22,1991-04-29,400.0,"1982,1983,1984,1985,1986,1987,1989,1990"
RE44,Andrey Rublev,Andrey,Rublev,RUS,1997-10-20,5,5.0,2020-01-13,2026-01-19,293.0,"2020,2021,2022,2023,2024,2025"
MC10,Andy Murray,Andy,Murray,GBR,1987-05-15,1,1.0,2006-08-21,2018-02-19,598.0,"2006,2007,2008,2009,2010,2011,2012,2013,2014,2015,2016,2017"
R485,Andy Roddick,Andy,Roddick,USA,1982-08-30,1,1.0,2001-08-20,2012-08-06,546.0,"2001,2002,2003,2004,2005,2006,2007,2008,2009,2010,2011"
B053,Arnaud Boetsch,Arnaud,Boetsch,FRA,1969-04-01,12,14.0,1993-10-11,1996-09-09,74.0,"1993,1995"
C487,Arnaud Clement,Arnaud,Clement,FRA,1977-12-17,10,17.0,2000-11-13,2002-01-21,63.0,"2000,2001"
A063,Arthur Ashe,Arthur,Ashe,USA,1943-07-10,2,4.0,1973-08-23,1980-02-25,283.9,"1973,1974,1975,1976,1978,1979"
F0F1,Arthur Fils,Arthur,Fils,FRA,2004-06-12,14,20.0,2024-07-22,2025-08-25,42.0,2024
KC56,Aslan Karatsev,Aslan,Karatsev,RUS,1993-09-04,14,18.0,2021-10-25,2022-02-14,17.0,2021
T007,Balazs Taroczy,Balazs,Taroczy,HUN,1954-05-09,12,15.0,1978-10-16,1982-10-18,111.1,"1978,1981"
S0S1,Ben Shelton,Ben,Shelton,USA,2002-10-09,5,9.0,2023-09-11,2026-01-19,113.0,"2023,2025"
PD31,Benoit Paire,Benoit,Paire,FRA,1989-05-08,18,19.0,2015-11-09,2020-02-17,17.0,2015
TA46,Bernard Tomic,Bernard,Tomic,AUS,1992-10-21,17,18.0,2015-09-21,2016-09-05,36.0,2015
S017,Bill Scanlon,Bill,Scanlon,USA,1956-11-13,9,12.0,1983-03-28,1984-08-27,76.0,1983
B058,Bjorn Borg,Bjorn,Borg,SWE,1956-06-06,1,1.0,1973-11-26,1982-08-23,459.0,"1973,1974,1975,1976,1977,1978,1979,1980,1981"
B028,Boris Becker,Boris,Becker,GER,1967-11-22,1,2.0,1985-06-17,1997-10-06,643.0,"1985,1986,1987,1988,1989,1990,1991,1992,1993,1994,1995,1996"
CG80,Borna Coric,Borna,Coric,CRO,1996-11-14,12,12.0,2018-07-02,2023-08-14,88.0,2018
G016,Brad Gilbert,Brad,Gilbert,USA,1961-08-09,4,6.0,1985-04-15,1992-09-28,352.0,"1985,1986,1987,1989,1990,1991"
G029,Brian Gottfried,Brian,Gottfried,USA,1952-01-27,3,5.0,1973-10-15,1983-11-28,357.7,"1976,1977,1978,1979,1980,1981"
T011,Brian Teacher,Brian,Teacher,USA,1954-12-23,7,9.0,1980-11-24,1983-04-11,119.0,"1980,1981,1982"
M154,Buster C. Mottram,Buster C.,Mottram,GBR,1955-04-25,15,20.0,1977-12-12,1983-02-07,58.3,"1977,1982"
N771,Cameron Norrie,Cameron,Norrie,GBR,1995-08-23,8,12.0,2021-10-18,2024-02-12,120.0,"2021,2022,2023"
S080,Carl-Uwe Steeb,Carl-Uwe,Steeb,GER,1967-09-01,14,15.0,1989-08-07,1990-05-07,40.0,1989
A0E2,Carlos Alcaraz,Carlos,Alcaraz,ESP,2003-05-05,1,1.0,2022-02-21,2026-01-19,205.0,"2022,2023,2024,2025"
C179,Carlos Costa,Carlos,Costa,ESP,1968-04-22,10,14.0,1992-05-11,1994-10-24,77.0,1992
M605,Carlos Moya,Carlos,Moya,ESP,1976-08-27,1,5.0,1996-05-20,2008-06-02,383.0,"1997,1998,2001,2002,2003,2004,2007"
RH16,Casper Ruud,Casper,Ruud,NOR,1998-12-22,2,3.0,2021-05-10,2026-01-19,245.0,"2021,2022,2023,2024,2025"
P226,Cedric Pioline,Cedric,Pioline,FRA,1969-06-15,5,10.0,1993-07-05,2001-04-09,241.0,"1993,1997,1998,1999,2000"
D082,Cliff Drysdale,Cliff,Drysdale,RSA,1941-05-26,13,18.0,1974-04-19,1977-01-31,47.9,1974
R071,Cliff Richey,Cliff,Richey,USA,1946-12-31,16,19.0,1973-08-23,1975-08-21,45.1,1973
B007,Corrado Barazzutti,Corrado,Barazzutti,ITA,1953-02-19,7,10.0,1976-07-06,1980-09-22,131.0,"1977,1978"
GD64,Cristian Garin,Cristian,Garin,CHI,1996-05-30,17,17.0,2020-02-24,2022-02-14,50.0,2021
MM58,Daniil Medvedev,Daniil,Medvedev,RUS,1996-02-11,1,2.0,2018-10-22,2026-01-19,357.0,"2018,2019,2020,2021,2022,2023,2024,2025"
F401,David Ferrer,David,Ferrer,ESP,1982-04-02,3,3.0,2005-04-18,2016-10-31,590.0,"2005,2006,2007,2008,2009,2010,2011,2012,2013,2014,2015"
GB88,David Goffin,David,Goffin,BEL,1990-12-07,7,7.0,2015-02-09,2021-08-16,276.0,"2015,2016,2017,2019,2020"
N301,David Nalbandian,David,Nalbandian,ARG,1982-01-01,3,6.0,2002-07-08,2011-04-11,371.0,"2002,2003,2004,2005,2006,2007,2008"
P012,David Pate,David,Pate,USA,1962-04-16,18,18.0,1985-09-09,1988-04-11,50.0,1987
W123,David Wheaton,David,Wheaton,USA,1969-06-02,12,17.0,1991-06-24,1992-06-08,47.0,1991
SU55,Denis Shapovalov,Denis,Shapovalov,CAN,1999-04-15,10,12.0,2019-04-01,2023-01-02,137.0,"2019,2020,2021,2022"
R043,Derrick Rostagno,Derrick,Rostagno,USA,1965-10-25,13,13.0,1991-08-12,1992-03-30,30.0,1991
S090,Dick Stockton,Dick,Stockton,USA,1951-02-18,8,10.0,1974-07-29,1979-01-08,186.3,"1974,1976,1977,1978"
SM37,Diego Schwartzman,Diego,Schwartzman,ARG,1992-08-16,8,9.0,2018-02-26,2022-10-17,196.0,"2018,2019,2020,2021"
TB69,Dominic Thiem,Dominic,Thiem,AUT,1993-09-03,3,3.0,2015-08-10,2022-01-24,315.0,"2015,2016,2017,2018,2019,2020,2021"
H377,Dominik Hrbaty,Dominik,Hrbaty,SVK,1978-01-04,12,14.0,1999-06-07,2006-03-27,110.0,"2000,2004,2005"
D026,Eddie Dibbs,Eddie,Dibbs,USA,1951-02-23,5,6.0,1974-05-01,1982-05-24,333.7,"1975,1976,1977,1978,1979,1980"
T012,Eliot Teltscher,Eliot,Teltscher,USA,1959-03-15,6,8.0,1980-05-26,1988-02-22,289.0,"1980,1981,1982,1983,1984,1987"
S014,Emilio Sanchez,Emilio,Sanchez,ESP,1965-05-29,7,8.0,1986-05-19,1992-07-06,297.0,"1986,1987,1988,1989,1990,1991"
G858,Ernests Gulbis,Ernests,Gulbis,LAT,1988-08-30,10,13.0,2014-02-24,2015-05-04,55.0,2014
F510,Fabio Fognini,Fabio,Fognini,ITA,1987-05-24,9,12.0,2013-07-22,2021-04-12,220.0,"2013,2014,2018,2019,2020"
L397,Feliciano Lopez,Feliciano,Lopez,ESP,1981-09-20,12,14.0,2005-01-31,2016-09-05,117.0,"2011,2014,2015"
AG37,Felix Auger-Aliassime,Felix,Auger-Aliassime,CAN,2000-08-08,5,5.0,2019-08-19,2026-01-19,197.0,"2021,2022,2025"
M535,Felix Mantilla,Felix,Mantilla,ESP,1974-09-23,10,16.0,1996-08-12,2003-10-27,177.0,"1996,1997,1998"
G415,Fernando Gonzalez,Fernando,Gonzalez,CHI,1980-07-29,5,7.0,2002-09-30,2010-05-31,317.0,"2002,2005,2006,2007,2008,2009"
V306,Fernando Verdasco,Fernando,Verdasco,ESP,1983-11-15,7,9.0,2008-06-09,2012-08-06,184.0,"2008,2009,2010"
TD51,Frances Tiafoe,Frances,Tiafoe,USA,1998-01-20,10,16.0,2022-09-12,2025-08-25,133.0,"2022,2023,2024"
S568,Franco Squillari,Franco,Squillari,ARG,1975-08-22,11,14.0,2000-06-12,2001-06-04,51.0,2000
J031,Francois Jauffret,Francois,Jauffret,FRA,1942-02-09,20,20.0,1974-11-06,1974-12-20,10.3,1974
MC65,Gael Monfils,Gael,Monfils,FRA,1986-09-01,6,7.0,2008-10-13,2022-08-08,454.0,"2008,2009,2010,2011,2014,2016,2019,2020"
G374,Gaston Gaudio,Gaston,Gaudio,ARG,1978-12-09,5,10.0,2003-02-17,2006-10-23,128.0,"2004,2005"
M038,Gene Mayer,Gene,Mayer,USA,1956-04-11,4,5.0,1979-06-11,1985-04-08,297.0,"1979,1980,1981,1982,1983,1984"
S315,Gilbert Schaller,Gilbert,Schaller,AUT,1969-03-17,17,20.0,1995-10-09,1996-04-08,27.0,1995
SD32,Gilles Simon,Gilles,Simon,FRA,1984-12-27,6,7.0,2008-07-28,2016-07-04,309.0,"2008,2009,2011,2012,2013,2015"
I034,Goran Ivanisevic,Goran,Ivanisevic,CRO,1971-09-13,2,4.0,1990-07-23,2002-07-01,502.0,"1990,1991,1992,1993,1994,1995,1996,1997,1998,2001"
P050,Goran Prpic,Goran,Prpic,CRO,1964-05-04,16,18.0,1991-05-20,1992-01-20,36.0,1991
R237,Greg Rusedski,Greg,Rusedski,GBR,1973-09-06,4,6.0,1997-08-25,2000-06-12,147.0,"1997,1998,1999"
D875,Grigor Dimitrov,Grigor,Dimitrov,BUL,1991-05-16,3,3.0,2014-01-27,2025-07-28,378.0,"2014,2016,2017,2018,2019,2020,2023,2024"
C433,Guillermo Canas,Guillermo,Canas,ARG,1977-11-25,8,12.0,2001-10-15,2008-03-31,166.0,"2001,2002,2004,2007"
C524,Guillermo Coria,Guillermo,Coria,ARG,1982-01-13,3,5.0,2003-04-21,2006-05-08,160.0,"2003,2004,2005"
P190,Guillermo Perez-Roldan,Guillermo,Perez-Roldan,ARG,1969-10-20,13,14.0,1987-08-24,1991-05-13,118.0,"1987,1988,1990"
V028,Guillermo Vilas,Guillermo,Vilas,ARG,1952-08-17,2,2.0,1974-08-09,1987-05-04,555.4,"1974,1975,1976,1977,1978,1979,1980,1981,1982,1983"
K293,Gustavo Kuerten,Gustavo,Kuerten,BRA,1976-09-10,1,1.0,1997-06-09,2004-08-16,288.0,"1997,1999,2000,2001,2003"
F035,Guy Forget,Guy,Forget,FRA,1965-01-04,4,7.0,1990-06-18,1993-08-23,161.0,"1990,1991,1992"
G015,Hans Gildemeister,Hans,Gildemeister,CHI,1956-02-09,12,14.0,1979-10-15,1980-10-06,46.0,1979
S065,Harold Solomon,Harold,Solomon,USA,1952-09-17,5,7.0,1974-08-09,1981-10-26,377.4,"1974,1975,1976,1977,1978,1979,1980"
L014,Henri Leconte,Henri,Leconte,FRA,1963-07-04,5,6.0,1983-08-08,1989-06-05,175.0,"1985,1986,1988"
H191,Henrik Holm,Henrik,Holm,SWE,1968-08-22,17,19.0,1992-11-02,1993-07-12,36.0,1992
S097,Henrik Sundstrom,Henrik,Sundstrom,SWE,1964-02-29,6,7.0,1983-05-23,1986-02-24,86.0,1984
R0DG,Holger Rune,Holger,Rune,DEN,2003-04-29,4,8.0,2022-10-31,2026-01-19,169.0,"2022,2023,2024,2025"
HB71,Hubert Hurkacz,Hubert,Hurkacz,POL,1997-02-11,6,9.0,2021-04-05,2025-02-24,202.0,"2021,2022,2023,2024"
A511,Igor Andreev,Igor,Andreev,RUS,1983-07-14,18,19.0,2008-09-08,2009-01-26,20.0,2008
N008,Ilie Nastase,Ilie,Nastase,ROU,1946-07-19,1,1.0,1973-08-23,1979-05-28,302.6,"1973,1974,1975,1976,1977,1978"
L018,Ivan Lendl,Ivan,Lendl,USA,1960-03-07,1,1.0,1980-01-07,1994-04-11,737.0,"1980,1981,1982,1983,1984,1985,1986,1987,1988,1989,1990,1991,1992,1993"
L360,Ivan Ljubicic,Ivan,Ljubicic,CRO,1979-03-19,3,5.0,2005-02-14,2011-03-14,206.0,"2005,2006,2007,2010"
K336,Ivo Karlovic,Ivo,Karlovic,CRO,1979-02-28,14,20.0,2008-03-03,2017-02-20,44.0,2016
D0CO,Jack Draper,Jack,Draper,GBR,2001-12-22,4,10.0,2024-09-09,2026-01-19,72.0,"2024,2025"
SM25,Jack Sock,Jack,Sock,USA,1992-09-24,8,8.0,2017-01-16,2018-10-22,84.0,2017
F024,Jaime Fillol Sr.,Jaime Fillol,Sr.,CHI,1946-06-03,14,16.0,1973-10-31,1978-04-24,124.7,"1973,1975,1977"
H025,Jakob Hlasek,Jakob,Hlasek,SUI,1964-11-12,7,8.0,1988-10-31,1992-06-01,128.0,"1988,1990,1991"
M0NI,Jakub Mensik,Jakub,Mensik,CZE,2005-09-01,16,19.0,2025-05-19,2026-01-19,36.0,2025
B676,James Blake,James,Blake,USA,1979-12-28,4,4.0,2006-01-30,2009-07-27,182.0,"2006,2007,2008"
K049,Jan Kodes,Jan,Kodes,CZE,1946-03-01,5,9.0,1973-08-23,1977-02-28,148.7,"1973,1974,1975,1976"
S381,Jan Siemerink,Jan,Siemerink,NED,1970-04-14,14,15.0,1995-10-02,1999-02-22,51.0,"1996,1998"
T742,Janko Tipsarevic,Janko,Tipsarevic,SRB,1984-06-22,8,9.0,2011-08-15,2013-08-12,105.0,"2011,2012"
S0AG,Jannik Sinner,Jannik,Sinner,ITA,2001-08-16,1,1.0,2021-04-19,2026-01-19,241.0,"2021,2022,2023,2024,2025"
N289,Jarkko Nieminen,Jarkko,Nieminen,FIN,1981-07-23,13,15.0,2006-04-17,2007-04-23,52.0,2006
B281,Jay Berger,Jay,Berger,USA,1966-11-26,7,10.0,1989-08-14,1991-02-11,79.0,"1989,1990"
C243,Jim Courier,Jim,Courier,USA,1970-08-17,1,1.0,1990-03-12,1997-04-14,333.0,"1991,1992,1993,1994,1995"
A031,Jimmy Arias,Jimmy,Arias,USA,1964-08-16,5,6.0,1982-10-25,1986-08-04,128.0,"1983,1984"
C044,Jimmy Connors,Jimmy,Connors,USA,1952-09-02,1,1.0,1973-08-23,1990-02-19,861.6,"1973,1974,1975,1976,1977,1978,1979,1980,1981,1982,1983,1984,1985,1986,1987,1988,1989"
L0BV,Jiri Lehecka,Jiri,Lehecka,CZE,2001-11-08,16,18.0,2025-09-08,2026-01-19,20.0,2025
N254,Jiri Novak,Jiri,Novak,CZE,1975-03-22,5,7.0,2002-01-28,2004-10-25,130.0,"2002,2003"
T786,Jo-Wilfried Tsonga,Jo-Wilfried,Tsonga,FRA,1985-04-17,5,6.0,2008-01-28,2018-02-12,523.0,"2008,2009,2010,2011,2012,2013,2014,2015,2016,2017"
J194,Joachim Johansson,Joachim,Johansson,SWE,1982-07-01,9,11.0,2004-09-13,2005-09-05,52.0,2004
N030,Joakim Nystrom,Joakim,Nystrom,SWE,1963-02-20,7,7.0,1984-08-06,1988-05-09,194.0,"1984,1985,1986,1987"
K022,Johan Kriek,Johan,Kriek,USA,1958-04-05,7,9.0,1980-09-15,1987-06-01,322.0,"1980,1981,1982,1983,1984,1985"
A014,John Alexander,John,Alexander,AUS,1951-07-04,8,8.0,1974-06-03,1980-03-17,165.0,"1975,1977,1979"
I186,John Isner,John,Isner,USA,1985-04-26,8,10.0,2010-03-01,2020-02-24,414.0,"2010,2011,2012,2013,2014,2015,2016,2017,2018,2019"
M047,John McEnroe,John,McEnroe,USA,1959-02-16,1,1.0,1977-10-03,1993-01-25,735.7,"1978,1979,1980,1981,1982,1983,1984,1985,1986,1987,1988,1989,1990,1992"
N044,John Newcombe,John,Newcombe,AUS,1944-05-23,1,2.0,1973-08-23,1978-08-07,158.7,"1973,1974,1975"
S005,John Sadri,John,Sadri,USA,1956-09-19,14,14.0,1980-02-04,1981-08-10,42.0,1980
B446,Jonas Bjorkman,Jonas,Bjorkman,SWE,1972-03-23,4,4.0,1997-08-18,1998-11-09,65.0,1997
S101,Jonas Svensson,Jonas,Svensson,SWE,1966-10-21,10,11.0,1987-02-09,1991-06-03,87.0,1990
H019,Jose Higueras,Jose,Higueras,ESP,1953-03-01,6,7.0,1978-05-29,1984-11-26,227.0,"1978,1979,1982,1983"
C039,Jose-Luis Clerc,Jose-Luis,Clerc,ARG,1958-08-16,4,5.0,1978-08-21,1985-05-13,311.0,"1978,1979,1980,1981,1982,1983"
A007,Juan Aguilera,Juan,Aguilera,ESP,1962-03-22,7,19.0,1984-05-14,1991-02-11,80.0,"1984,1990"
F316,Juan Carlos Ferrero,Juan Carlos,Ferrero,ESP,1980-02-12,1,3.0,2000-05-01,2010-06-28,316.0,"2000,2001,2002,2003,2005"
C514,Juan Ignacio Chela,Juan Ignacio,Chela,ARG,1979-08-30,15,20.0,2004-04-26,2011-06-27,51.0,2007
D683,Juan Martin del Potro,Juan Martin,del Potro,ARG,1988-09-23,3,5.0,2008-08-11,2019-09-02,379.0,"2008,2009,2011,2012,2013,2017,2018"
MA21,Juan Monaco,Juan,Monaco,ARG,1984-03-29,10,12.0,2007-09-10,2013-07-15,95.0,2012
M762,Jurgen Melzer,Jurgen,Melzer,AUT,1981-05-22,8,11.0,2010-06-07,2012-03-12,70.0,2010
N025,Karel Novacek,Karel,Novacek,CZE,1965-03-30,8,8.0,1991-04-29,1994-02-21,107.0,"1991,1993"
KE29,Karen Khachanov,Karen,Khachanov,RUS,1996-05-21,8,11.0,2018-10-22,2026-01-19,236.0,"2018,2019,2020,2022,2023,2024,2025"
K237,Karol Kucera,Karol,Kucera,SVK,1974-03-04,6,8.0,1998-01-19,2000-01-24,106.0,"1998,1999"
N552,Kei Nishikori,Kei,Nishikori,JPN,1989-12-29,4,5.0,2012-01-30,2020-01-27,372.0,"2012,2013,2014,2015,2016,2018,2019"
R075,Ken Rosewall,Ken,Rosewall,AUS,1934-11-02,2,6.0,1973-08-23,1978-07-31,242.9,"1973,1974,1975,1976,1977"
C019,Kent Carlsson,Kent,Carlsson,SWE,1968-01-03,6,6.0,1986-09-22,1989-07-31,150.0,"1986,1987,1988"
A678,Kevin Anderson,Kevin,Anderson,RSA,1986-05-18,5,6.0,2013-08-12,2019-10-07,244.0,"2013,2014,2015,2017,2018"
C057,Kevin Curren,Kevin,Curren,USA,1958-03-02,5,9.0,1982-11-29,1990-01-08,222.0,"1982,1983,1984,1985,1986,1989"
E831,Kyle Edmund,Kyle,Edmund,GBR,1995-01-08,14,14.0,2018-05-14,2019-01-21,37.0,2018
H432,Lleyton Hewitt,Lleyton,Hewitt,AUS,1981-02-24,1,1.0,2000-01-17,2010-02-15,408.0,"2000,2001,2002,2003,2004,2005,2006"
M0EJ,Lorenzo Musetti,Lorenzo,Musetti,ITA,2002-03-03,5,8.0,2023-01-09,2026-01-19,115.0,"2024,2025"
PF39,Lucas Pouille,Lucas,Pouille,FRA,1994-02-23,10,15.0,2016-09-12,2019-10-21,106.0,"2016,2017"
G182,Magnus Gustafsson,Magnus,Gustafsson,SWE,1967-01-03,10,12.0,1990-05-14,1997-03-24,145.0,"1991,1993,1996"
L206,Magnus Larsson,Magnus,Larsson,SWE,1970-03-25,10,17.0,1994-11-14,1996-02-19,63.0,"1994,1995"
N250,Magnus Norman,Magnus,Norman,SWE,1976-05-30,2,4.0,1999-10-11,2001-07-09,92.0,"1999,2000"
W124,MaliVai Washington,MaliVai,Washington,USA,1969-06-20,11,13.0,1992-07-27,1996-12-30,106.0,"1992,1996"
O017,Manuel Orantes,Manuel,Orantes,ESP,1949-02-06,2,4.0,1973-08-23,1980-08-04,346.6,"1973,1974,1975,1976,1977,1978,1979"
S741,Marat Safin,Marat,Safin,RUS,1980-01-27,1,2.0,2000-05-01,2009-05-11,258.0,"2000,2001,2002,2004,2005"
R214,Marc Rosset,Marc,Rosset,SUI,1970-11-07,9,14.0,1991-02-18,1997-06-02,174.0,"1993,1994,1995"
R286,Marcelo Rios,Marcelo,Rios,CHI,1975-12-26,1,2.0,1996-03-04,2000-10-02,232.0,"1996,1997,1998,1999"
CF01,Marco Cecchinato,Marco,Cecchinato,ITA,1992-09-30,16,20.0,2018-10-15,2019-06-03,33.0,2018
B837,Marcos Baghdatis,Marcos,Baghdatis,CYP,1985-06-17,8,12.0,2006-05-08,2011-02-21,125.0,"2006,2007,2010"
F339,Mardy Fish,Mardy,Fish,USA,1981-12-09,7,8.0,2003-10-27,2012-08-13,138.0,"2003,2010,2011"
C977,Marin Cilic,Marin,Cilic,CRO,1988-09-28,3,6.0,2009-01-12,2023-01-23,482.0,"2009,2010,2012,2014,2015,2016,2017,2018,2022"
A385,Mario Ancic,Mario,Ancic,CRO,1984-03-30,7,9.0,2005-03-07,2007-06-04,79.0,2006
C090,Mark Cox,Mark,Cox,GBR,1943-07-05,12,17.0,1973-08-23,1977-11-07,81.1,1976
E005,Mark Edmondson,Mark,Edmondson,AUS,1954-06-28,15,18.0,1982-01-04,1983-03-21,52.0,1982
P338,Mark Philippoussis,Mark,Philippoussis,AUS,1976-11-07,8,9.0,1996-09-09,2004-06-28,226.0,"1997,1998,1999,2000,2003"
J004,Martin Jaite,Martin,Jaite,ARG,1964-10-09,10,11.0,1985-09-16,1990-10-29,203.0,"1985,1986,1987,1989"
V232,Martin Verkerk,Martin,Verkerk,NED,1978-10-31,14,19.0,2003-06-09,2004-05-31,52.0,2003
R055,Marty Riessen,Marty,Riessen,USA,1941-12-04,11,12.0,1973-08-23,1975-10-21,109.6,"1973,1974"
W023,Mats Wilander,Mats,Wilander,SWE,1964-08-22,1,1.0,1982-05-24,1990-06-04,420.0,"1982,1983,1984,1985,1986,1987,1988,1989"
BK40,Matteo Berrettini,Matteo,Berrettini,ITA,1996-04-12,6,7.0,2019-06-24,2023-06-05,165.0,"2019,2020,2021,2022"
C274,Michael Chang,Michael,Chang,USA,1972-02-22,2,2.0,1989-05-08,1998-09-14,472.0,"1989,1990,1991,1992,1993,1994,1995,1996,1997"
S351,Michael Stich,Michael,Stich,GER,1968-10-18,2,2.0,1991-02-25,1997-02-17,307.0,"1991,1992,1993,1994,1995,1996"
P024,Mikael Pernfors,Mikael,Pernfors,SWE,1963-07-16,10,12.0,1986-06-09,1989-03-27,74.0,"1986,1988"
Y061,Mikhail Youzhny,Mikhail,Youzhny,RUS,1982-06-25,8,10.0,2004-11-01,2014-07-21,236.0,"2004,2007,2009,2010,2013"
R975,Milos Raonic,Milos,Raonic,CAN,1990-12-27,3,3.0,2012-08-13,2021-06-14,358.0,"2012,2013,2014,2015,2016,2018,2020"
M052,Miloslav Mecir Sr.,Miloslav Mecir,Sr.,SVK,1964-05-19,4,6.0,1985-05-06,1989-12-25,222.0,"1985,1986,1987,1988,1989"
KE17,Nick Kyrgios,Nick,Kyrgios,AUS,1995-04-27,13,13.0,2016-04-04,2023-02-27,109.0,2016
A479,Nicolas Almagro,Nicolas,Almagro,ESP,1985-08-21,9,10.0,2008-05-12,2014-04-21,246.0,"2008,2010,2011,2012,2013"
J551,Nicolas Jarry,Nicolas,Jarry,CHI,1995-10-11,16,19.0,2023-10-23,2024-07-08,25.0,2023
K316,Nicolas Kiefer,Nicolas,Kiefer,GER,1977-07-05,4,6.0,1999-06-14,2008-09-01,135.0,"1999,2000"
L290,Nicolas Lapentti,Nicolas,Lapentti,ECU,1976-08-13,6,8.0,1999-07-26,2002-07-08,74.0,1999
M655,Nicolas Massu,Nicolas,Massu,CHI,1979-10-10,9,12.0,2003-10-20,2005-04-18,79.0,"2003,2004"
P080,Nikola Pilic,Nikola,Pilic,CRO,1939-08-27,12,15.0,1973-08-23,1974-06-03,48.6,1973
D402,Nikolay Davydenko,Nikolay,Davydenko,RUS,1981-06-02,3,3.0,2005-01-31,2010-11-08,302.0,"2005,2006,2007,2008,2009"
D643,Novak Djokovic,Novak,Djokovic,SRB,1987-05-22,1,1.0,2006-10-09,2026-01-19,978.0,"2006,2007,2008,2009,2010,2011,2012,2013,2014,2015,2016,2017,2018,2019,2020,2021,2022,2023,2024,2025"
CD85,Pablo Carreno Busta,Pablo Carreno,Busta,ESP,1991-07-12,10,10.0,2017-03-20,2023-07-10,209.0,"2017,2020,2021,2022"
B129,Paolo Bertolucci,Paolo,Bertolucci,ITA,1951-08-03,12,20.0,1973-08-23,1974-06-03,41.7,1973
S675,Paradorn Srichaphan,Paradorn,Srichaphan,THA,1979-06-14,9,11.0,2002-11-04,2004-09-27,100.0,"2002,2003"
C023,Pat Cash,Pat,Cash,AUS,1965-05-27,4,7.0,1984-07-09,1989-01-23,166.0,"1984,1987,1988"
D048,Pat Dupre,Pat,Dupre,USA,1954-09-16,14,18.0,1979-08-27,1980-06-23,39.0,1979
R255,Patrick Rafter,Patrick,Rafter,AUS,1972-12-28,1,2.0,1994-08-08,2002-07-01,264.0,"1994,1997,1998,1999,2000,2001"
A027,Paul Annacone,Paul,Annacone,USA,1963-03-20,12,13.0,1985-09-23,1986-09-15,52.0,1985
H223,Paul Haarhuis,Paul,Haarhuis,NED,1966-02-19,18,19.0,1995-11-06,1996-01-22,12.0,1995
S402,Pete Sampras,Pete,Sampras,USA,1971-08-12,1,1.0,1990-02-26,2003-03-10,680.0,"1990,1991,1992,1993,1994,1995,1996,1997,1998,1999,2000,2001,2002"
F030,Peter Fleming,Peter,Fleming,USA,1955-01-21,8,13.0,1979-04-30,1980-09-22,62.0,1979
M051,Peter McNamara,Peter,McNamara,AUS,1955-07-05,7,10.0,1981-04-13,1983-11-07,134.0,"1981,1982"
K148,Petr Korda,Petr,Korda,CZE,1968-01-23,2,7.0,1991-08-19,1999-01-25,261.0,"1991,1992,1993,1994,1997,1998"
K435,Philipp Kohlschreiber,Philipp,Kohlschreiber,GER,1983-10-16,16,20.0,2012-07-30,2013-07-01,37.0,2012
S694,Radek Stepanek,Radek,Stepanek,CZE,1978-11-27,8,12.0,2005-04-25,2010-05-31,157.0,"2005,2006,2009"
N409,Rafael Nadal,Rafael,Nadal,ESP,1986-06-03,1,1.0,2005-04-04,2023-06-05,927.0,"2005,2006,2007,2008,2009,2010,2011,2012,2013,2014,2015,2016,2017,2018,2019,2020,2021,2022"
S636,Rainer Schuettler,Rainer,Schuettler,GER,1976-04-25,5,6.0,2003-01-27,2004-10-18,90.0,2003
R065,Raul Ramirez,Raul,Ramirez,MEX,1953-06-20,4,5.0,1974-07-29,1982-09-20,251.3,"1974,1975,1976,1977,1978"
G628,Richard Gasquet,Richard,Gasquet,FRA,1986-06-18,7,8.0,2005-06-20,2017-03-13,421.0,"2005,2006,2007,2011,2012,2013,2015,2016"
K214,Richard Krajicek,Richard,Krajicek,NED,1971-12-06,4,7.0,1992-04-13,2000-10-09,381.0,"1992,1993,1994,1995,1996,1997,1998,1999"
G569,Robby Ginepri,Robby,Ginepri,USA,1982-10-07,15,15.0,2005-10-24,2006-08-14,41.0,2005
L045,Robert Lutz,Robert,Lutz,USA,1947-08-29,15,20.0,1976-03-18,1981-08-03,60.4,"1976,1980"
BD06,Roberto Bautista Agut,Roberto Bautista,Agut,ESP,1988-04-14,9,9.0,2014-07-14,2022-10-31,319.0,"2014,2016,2017,2019,2020,2021"
SA49,Robin Soderling,Robin,Soderling,SWE,1984-08-14,4,5.0,2008-10-27,2012-02-06,157.0,"2008,2009,2010,2011"
L058,Rod Laver,Rod,Laver,AUS,1938-08-09,3,4.0,1973-08-23,1976-03-29,136.6,"1973,1974,1975"
F324,Roger Federer,Roger,Federer,SUI,1981-08-08,1,1.0,2001-02-26,2022-01-24,1064.0,"2001,2002,2003,2004,2005,2006,2007,2008,2009,2010,2011,2012,2013,2014,2015,2016,2017,2018,2019,2020,2021"
T050,Roger Taylor,Roger,Taylor,GBR,1941-10-14,11,16.0,1973-08-23,1974-03-02,34.1,1973
T006,Roscoe Tanner,Roscoe,Tanner,USA,1951-10-15,4,5.0,1974-07-29,1982-06-14,398.0,"1974,1975,1976,1977,1978,1979,1980,1981"
E030,Roy Emerson,Roy,Emerson,AUS,1936-11-03,12,12.0,1973-08-23,1974-03-02,34.1,1973
Q927,Sam Querrey,Sam,Querrey,USA,1987-10-07,11,13.0,2010-07-05,2018-07-09,90.0,"2010,2017"
M039,Sandy Mayer,Sandy,Mayer,USA,1952-04-05,7,14.0,1977-11-14,1984-05-14,186.0,"1977,1978,1981,1982,1983"
D004,Scott Davis,Scott,Davis,USA,1962-08-27,11,17.0,1984-07-09,1986-02-17,51.0,1985
G379,Sebastien Grosjean,Sebastien,Grosjean,FRA,1978-05-29,4,6.0,2000-02-07,2006-04-17,231.0,"2000,2001,2002,2003,2004"
B350,Sergi Bruguera,Sergi,Bruguera,ESP,1971-01-16,3,4.0,1991-04-15,1998-05-04,317.0,"1991,1992,1993,1994,1995,1997"
S572,Sjeng Schalken,Sjeng,Schalken,NED,1976-09-08,11,18.0,2002-08-05,2004-06-14,95.0,"2002,2003"
S060,Stan Smith,Stan,Smith,USA,1946-12-14,3,5.0,1973-08-23,1982-03-29,224.9,"1973,1974,1976"
W367,Stan Wawrinka,Stan,Wawrinka,SUI,1985-03-28,3,4.0,2008-05-12,2021-04-12,484.0,"2008,2011,2012,2013,2014,2015,2016,2017,2019,2020"
E004,Stefan Edberg,Stefan,Edberg,SWE,1966-01-19,1,1.0,1984-03-26,1997-05-05,614.0,"1984,1985,1986,1987,1988,1989,1990,1991,1992,1993,1994,1996"
TE51,Stefanos Tsitsipas,Stefanos,Tsitsipas,GRE,1998-08-12,3,4.0,2018-08-13,2025-06-02,334.0,"2018,2019,2020,2021,2022,2023,2024"
D019,Steve Denton,Steve,Denton,USA,1956-09-05,12,13.0,1982-08-09,1983-10-10,62.0,1982
FB98,Taylor Fritz,Taylor,Fritz,USA,1997-10-28,4,4.0,2022-01-31,2026-01-19,208.0,"2022,2023,2024,2025"
T032,Thierry Tulasne,Thierry,Tulasne,FRA,1963-07-12,10,20.0,1986-03-03,1987-04-27,53.0,1986
E113,Thomas Enqvist,Thomas,Enqvist,SWE,1974-03-13,4,4.0,1995-03-13,2002-04-15,311.0,"1995,1996,1999,2000"
J129,Thomas Johansson,Thomas,Johansson,SWE,1975-03-24,7,13.0,1998-11-02,2006-06-12,188.0,"1998,2001,2002,2005"
M099,Thomas Muster,Thomas,Muster,AUT,1967-10-02,1,3.0,1988-08-15,1998-06-29,413.0,"1988,1990,1992,1993,1994,1995,1996,1997"
G048,Tim Gullikson,Tim,Gullikson,USA,1951-09-08,15,18.0,1978-04-10,1979-11-12,59.0,1978
H336,Tim Henman,Tim,Henman,GBR,1974-09-06,4,6.0,1997-01-13,2005-09-05,415.0,"1997,1998,1999,2000,2001,2002,2003,2004"
M041,Tim Mayotte,Tim,Mayotte,USA,1960-08-03,7,9.0,1983-12-12,1990-07-23,320.0,"1983,1985,1986,1987,1988,1989"
M442,Todd Martin,Todd,Martin,USA,1970-07-08,4,7.0,1993-07-26,2000-07-03,278.0,"1993,1994,1995,1996,1998,1999"
G078,Tom Gorman,Tom,Gorman,USA,1946-01-19,10,11.0,1973-08-23,1974-11-06,69.1,1973
O032,Tom Okker,Tom,Okker,NED,1944-02-22,3,4.0,1973-08-23,1976-10-25,167.4,"1973,1974,1975"
BA47,Tomas Berdych,Tomas,Berdych,CZE,1985-09-17,4,6.0,2006-05-15,2018-06-18,583.0,"2006,2007,2008,2009,2010,2011,2012,2013,2014,2015,2016,2017"
S058,Tomas Smid,Tomas,Smid,CZE,1956-05-20,11,16.0,1981-04-06,1986-02-17,124.0,"1983,1984,1985"
H355,Tommy Haas,Tommy,Haas,GER,1978-04-03,2,8.0,1999-02-22,2014-06-30,373.0,"1999,2001,2002,2004,2006,2007,2009,2013"
PL56,Tommy Paul,Tommy,Paul,USA,1997-05-17,8,12.0,2023-01-30,2026-01-19,153.0,"2023,2024,2025"
R419,Tommy Robredo,Tommy,Robredo,ESP,1982-05-01,5,7.0,2003-04-28,2015-07-06,395.0,"2004,2005,2006,2007,2009,2013,2014"
R073,Tony Roche,Tony,Roche,AUS,1945-05-17,8,12.0,1975-03-05,1977-12-31,104.3,"1975,1977"
HH26,Ugo Humbert,Ugo,Humbert,FRA,1998-06-26,13,14.0,2023-11-13,2025-07-07,76.0,"2023,2024"
A044,Victor Amaya,Victor,Amaya,USA,1954-07-02,15,16.0,1980-03-10,1981-02-09,47.0,1980
P015,Victor Pecci,Victor,Pecci,PAR,1955-10-15,9,11.0,1979-06-11,1982-04-19,106.0,"1979,1981"
A022,Vijay Amritraj,Vijay,Amritraj,IND,1953-12-14,18,19.0,1973-09-13,1981-12-21,44.7,"1980,1981"
S544,Vincent Spadea,Vincent,Spadea,USA,1974-07-19,18,20.0,1999-09-13,2005-02-28,30.0,"1999,2004"
G008,Vitas Gerulaitis,Vitas,Gerulaitis,USA,1954-07-26,3,4.0,1975-04-08,1985-05-06,499.7,"1975,1976,1977,1978,1979,1980,1981,1982,1983,1984"
F196,Wayne Ferreira,Wayne,Ferreira,RSA,1971-09-15,6,9.0,1992-02-17,2003-08-04,292.0,"1992,1994,1995,1996,2000"
F020,Wojtek Fibak,Wojtek,Fibak,POL,1952-08-03,10,13.0,1976-08-24,1983-05-16,276.9,"1976,1977,1979,1980,1981"
N022,Yannick Noah,Yannick,Noah,FRA,1960-05-18,3,4.0,1980-05-26,1990-04-02,498.0,"1981,1982,1983,1984,1985,1986,1987,1988,1989"
K267,Yevgeny Kafelnikov,Yevgeny,Kafelnikov,RUS,1974-02-18,1,2.0,1994-05-09,2003-06-09,447.0,"1994,1995,1996,1997,1998,1999,2000,2001"
E121,Younes El Aynaoui,Younes El,Aynaoui,MAR,1971-09-12,14,14.0,2000-02-14,2004-01-26,84.0,2003
