year,rank,player_id,name,points,list_date,final
1973,1,N008,Ilie Nastase,,1973-12-14,True
1973,2,N044,John Newcombe,,1973-12-14,True
1973,3,C044,Jimmy Connors,,1973-12-14,True
1973,4,O032,Tom Okker,,1973-12-14,True
1973,5,S060,Stan Smith,,1973-12-14,True
1973,6,R075,Ken Rosewall,,1973-12-14,True
1973,7,O017,Manuel Orantes,,1973-12-14,True
1973,8,L058,Rod Laver,,1973-12-14,True
1973,9,K049,Jan Kodes,,1973-12-14,True
1973,10,A063,Arthur Ashe,,1973-12-14,True
1973,11,G078,Tom Gorman,,1973-12-14,True
1973,12,E030,Roy Emerson,,1973-12-14,True
1973,13,R055,Marty Riessen,,1973-12-14,True
1973,14,P059,Adriano Panatta,,1973-12-14,True
1973,15,P080,Nikola Pilic,,1973-12-14,True
1973,16,T050,Roger Taylor,,1973-12-14,True
1973,17,F024,Jaime Fillol Sr.,,1973-12-14,True
1973,18,B058,Bjorn Borg,,1973-12-14,True
1973,19,R071,Cliff Richey,,1973-12-14,True
1973,20,B129,Paolo Bertolucci,,1973-12-14,True
1974,1,C044,Jimmy Connors,,1974-12-20,True
1974,2,N044,John Newcombe,,1974-12-20,True
1974,3,B058,Bjorn Borg,,1974-12-20,True
1974,4,L058,Rod Laver,,1974-12-20,True
1974,5,V028,Guillermo Vilas,,1974-12-20,True
1974,6,O032,Tom Okker,,1974-12-20,True
1974,7,A063,Arthur Ashe,,1974-12-20,True
1974,8,S060,Stan Smith,,1974-12-20,True
1974,9,R075,Ken Rosewall,,1974-12-20,True
1974,10,N008,Ilie Nastase,,1974-12-20,True
1974,11,O017,Manuel Orantes,,1974-12-20,True
1974,12,R055,Marty Riessen,,1974-12-20,True
1974,13,M271,Alex Metreveli,,1974-12-20,True
1974,14,T006,Roscoe Tanner,,1974-12-20,True
1974,15,S090,Dick Stockton,,1974-12-20,True
1974,16,S065,Harold Solomon,,1974-12-20,True
1974,17,K049,Jan Kodes,,1974-12-20,True
1974,18,D082,Cliff Drysdale,,1974-12-20,True
1974,19,R065,Raul Ramirez,,1974-12-20,True
1974,20,J031,Francois Jauffret,,1974-12-20,True
1975,1,C044,Jimmy Connors,,1975-12-15,True
1975,2,V028,Guillermo Vilas,,1975-12-15,True
1975,3,B058,Bjorn Borg,,1975-12-15,True
1975,4,A063,Arthur Ashe,,1975-12-15,True
1975,5,O017,Manuel Orantes,,1975-12-15,True
1975,6,R075,Ken Rosewall,,1975-12-15,True
1975,7,N008,Ilie Nastase,,1975-12-15,True
1975,8,A014,John Alexander,,1975-12-15,True
1975,9,T006,Roscoe Tanner,,1975-12-15,True
1975,10,L058,Rod Laver,,1975-12-15,True
1975,11,O032,Tom Okker,,1975-12-15,True
1975,12,R073,Tony Roche,,1975-12-15,True
1975,13,R065,Raul Ramirez,,1975-12-15,True
1975,14,P059,Adriano Panatta,,1975-12-15,True
1975,15,G008,Vitas Gerulaitis,,1975-12-15,True
1975,16,F024,Jaime Fillol Sr.,,1975-12-15,True
1975,17,S065,Harold Solomon,,1975-12-15,True
1975,18,D026,Eddie Dibbs,,1975-12-15,True
1975,19,K049,Jan Kodes,,1975-12-15,True
1975,20,N044,John Newcombe,,1975-12-15,True
1976,1,C044,Jimmy Connors,,1976-12-12,True
1976,2,B058,Bjorn Borg,,1976-12-12,True
1976,3,N008,Ilie Nastase,,1976-12-12,True
1976,4,O017,Manuel Orantes,,1976-12-12,True
1976,5,R065,Raul Ramirez,,1976-12-12,True
1976,6,V028,Guillermo Vilas,,1976-12-12,True
1976,7,P059,Adriano Panatta,,1976-12-12,True
1976,8,S065,Harold Solomon,,1976-12-12,True
1976,9,D026,Eddie Dibbs,,1976-12-12,True
1976,10,G029,Brian Gottfried,,1976-12-12,True
1976,11,T006,Roscoe Tanner,,1976-12-12,True
1976,12,A063,Arthur Ashe,,1976-12-12,True
1976,13,R075,Ken Rosewall,,1976-12-12,True
1976,14,F020,Wojtek Fibak,,1976-12-12,True
1976,15,S090,Dick Stockton,,1976-12-12,True
1976,16,S060,Stan Smith,,1976-12-12,True
1976,17,C090,Mark Cox,,1976-12-12,True
1976,18,G008,Vitas Gerulaitis,,1976-12-12,True
1976,19,K049,Jan Kodes,,1976-12-12,True
1976,20,L045,Robert Lutz,,1976-12-12,True
1977,1,C044,Jimmy Connors,,1977-12-31,True
1977,2,V028,Guillermo Vilas,,1977-12-31,True
1977,3,B058,Bjorn Borg,,1977-12-31,True
1977,4,G008,Vitas Gerulaitis,,1977-12-31,True
1977,5,G029,Brian Gottfried,,1977-12-31,True
1977,6,D026,Eddie Dibbs,,1977-12-31,True
1977,7,O017,Manuel Orantes,,1977-12-31,True
1977,8,R065,Raul Ramirez,,1977-12-31,True
1977,9,N008,Ilie Nastase,,1977-12-31,True
1977,10,S090,Dick Stockton,,1977-12-31,True
1977,11,B007,Corrado Barazzutti,,1977-12-31,True
1977,12,R075,Ken Rosewall,,1977-12-31,True
1977,13,F020,Wojtek Fibak,,1977-12-31,True
1977,14,S065,Harold Solomon,,1977-12-31,True
1977,15,T006,Roscoe Tanner,,1977-12-31,True
1977,16,M039,Sandy Mayer,,1977-12-31,True
1977,17,F024,Jaime Fillol Sr.,,1977-12-31,True
1977,18,A014,John Alexander,,1977-12-31,True
1977,19,R073,Tony Roche,,1977-12-31,True
1977,20,M154,Buster C. Mottram,,1977-12-31,True
1978,1,C044,Jimmy Connors,,1978-12-28,True
1978,2,B058,Bjorn Borg,,1978-12-28,True
1978,3,V028,Guillermo Vilas,,1978-12-28,True
1978,4,G008,Vitas Gerulaitis,,1978-12-28,True
1978,5,M047,John McEnroe,,1978-12-28,True
1978,6,D026,Eddie Dibbs,,1978-12-28,True
1978,7,G029,Brian Gottfried,,1978-12-28,True
1978,8,R065,Raul Ramirez,,1978-12-28,True
1978,9,S065,Harold Solomon,,1978-12-28,True
1978,10,B007,Corrado Barazzutti,,1978-12-28,True
1978,11,O017,Manuel Orantes,,1978-12-28,True
1978,12,C039,Jose-Luis Clerc,,1978-12-28,True
1978,13,T006,Roscoe Tanner,,1978-12-28,True
1978,14,H019,Jose Higueras,,1978-12-28,True
1978,15,N008,Ilie Nastase,,1978-12-28,True
1978,16,M039,Sandy Mayer,,1978-12-28,True
1978,17,A063,Arthur Ashe,,1978-12-28,True
1978,18,G048,Tim Gullikson,,1978-12-28,True
1978,19,S090,Dick Stockton,,1978-12-28,True
1978,20,T007,Balazs Taroczy,,1978-12-28,True
1979,1,B058,Bjorn Borg,,1979-12-26,True
1979,2,C044,Jimmy Connors,,1979-12-26,True
1979,3,M047,John McEnroe,,1979-12-26,True
1979,4,G008,Vitas Gerulaitis,,1979-12-26,True
1979,5,T006,Roscoe Tanner,,1979-12-26,True
1979,6,V028,Guillermo Vilas,,1979-12-26,True
1979,7,A063,Arthur Ashe,,1979-12-26,True
1979,8,S065,Harold Solomon,,1979-12-26,True
1979,9,H019,Jose Higueras,,1979-12-26,True
1979,10,D026,Eddie Dibbs,,1979-12-26,True
1979,11,P015,Victor Pecci,,1979-12-26,True
1979,12,M038,Gene Mayer,,1979-12-26,True
1979,13,F030,Peter Fleming,,1979-12-26,True
1979,14,G015,Hans Gildemeister,,1979-12-26,True
1979,15,F020,Wojtek Fibak,,1979-12-26,True
1979,16,G029,Brian Gottfried,,1979-12-26,True
1979,17,C039,Jose-Luis Clerc,,1979-12-26,True
1979,18,D048,Pat Dupre,,1979-12-26,True
1979,19,O017,Manuel Orantes,,1979-12-26,True
1979,20,A014,John Alexander,,1979-12-26,True
1980,1,B058,Bjorn Borg,,1980-12-22,True
1980,2,M047,John McEnroe,,1980-12-22,True
1980,3,C044,Jimmy Connors,,1980-12-22,True
1980,4,V028,Guillermo Vilas,,1980-12-22,True
1980,5,M038,Gene Mayer,,1980-12-22,True
1980,6,L018,Ivan Lendl,,1980-12-22,True
1980,7,S065,Harold Solomon,,1980-12-22,True
1980,8,C039,Jose-Luis Clerc,,1980-12-22,True
1980,9,G008,Vitas Gerulaitis,,1980-12-22,True
1980,10,T012,Eliot Teltscher,,1980-12-22,True
1980,11,G029,Brian Gottfried,,1980-12-22,True
1980,12,D026,Eddie Dibbs,,1980-12-22,True
1980,13,T006,Roscoe Tanner,,1980-12-22,True
1980,14,S005,John Sadri,,1980-12-22,True
1980,15,F020,Wojtek Fibak,,1980-12-22,True
1980,16,A044,Victor Amaya,,1980-12-22,True
1980,17,T011,Brian Teacher,,1980-12-22,True
1980,18,K022,Johan Kriek,,1980-12-22,True
1980,19,A022,Vijay Amritraj,,1980-12-22,True
1980,20,L045,Robert Lutz,,1980-12-22,True
1981,1,M047,John McEnroe,,1981-12-21,True
1981,2,C044,Jimmy Connors,,1981-12-21,True
1981,3,L018,Ivan Lendl,,1981-12-21,True
1981,4,B058,Bjorn Borg,,1981-12-21,True
1981,5,C039,Jose-Luis Clerc,,1981-12-21,True
1981,6,V028,Guillermo Vilas,,1981-12-21,True
1981,7,M038,Gene Mayer,,1981-12-21,True
1981,8,T012,Eliot Teltscher,,1981-12-21,True
1981,9,T011,Brian Teacher,,1981-12-21,True
1981,10,M051,Peter McNamara,,1981-12-21,True
1981,11,G008,Vitas Gerulaitis,,1981-12-21,True
1981,12,T006,Roscoe Tanner,,1981-12-21,True
1981,13,N022,Yannick Noah,,1981-12-21,True
1981,14,M039,Sandy Mayer,,1981-12-21,True
1981,15,T007,Balazs Taroczy,,1981-12-21,True
1981,16,P015,Victor Pecci,,1981-12-21,True
1981,17,F020,Wojtek Fibak,,1981-12-21,True
1981,18,G029,Brian Gottfried,,1981-12-21,True
1981,19,K022,Johan Kriek,,1981-12-21,True
1981,20,A022,Vijay Amritraj,,1981-12-21,True
1982,1,M047,John McEnroe,,1982-12-27,True
1982,2,C044,Jimmy Connors,,1982-12-27,True
1982,3,L018,Ivan Lendl,,1982-12-27,True
1982,4,V028,Guillermo Vilas,,1982-12-27,True
1982,5,G008,Vitas Gerulaitis,,1982-12-27,True
1982,6,C039,Jose-Luis Clerc,,1982-12-27,True
1982,7,M038,Gene Mayer,,1982-12-27,True
1982,8,W023,Mats Wilander,,1982-12-27,True
1982,9,K022,Johan Kriek,,1982-12-27,True
1982,10,N022,Yannick Noah,,1982-12-27,True
1982,11,M051,Peter McNamara,,1982-12-27,True
1982,12,H019,Jose Higueras,,1982-12-27,True
1982,13,D019,Steve Denton,,1982-12-27,True
1982,14,T012,Eliot Teltscher,,1982-12-27,True
1982,15,G023,Andres Gomez,,1982-12-27,True
1982,16,M039,Sandy Mayer,,1982-12-27,True
1982,17,C057,Kevin Curren,,1982-12-27,True
1982,18,E005,Mark Edmondson,,1982-12-27,True
1982,19,T011,Brian Teacher,,1982-12-27,True
1982,20,M154,Buster C. Mottram,,1982-12-27,True
1983,1,M047,John McEnroe,,1983-12-19,True
1983,2,L018,Ivan Lendl,,1983-12-19,True
1983,3,C044,Jimmy Connors,,1983-12-19,True
1983,4,W023,Mats Wilander,,1983-12-19,True
1983,5,N022,Yannick Noah,,1983-12-19,True
1983,6,A031,Jimmy Arias,,1983-12-19,True
1983,7,H019,Jose Higueras,,1983-12-19,True
1983,8,C039,Jose-Luis Clerc,,1983-12-19,True
1983,9,C057,Kevin Curren,,1983-12-19,True
1983,10,M038,Gene Mayer,,1983-12-19,True
1983,11,V028,Guillermo Vilas,,1983-12-19,True
1983,12,S017,Bill Scanlon,,1983-12-19,True
1983,13,T012,Eliot Teltscher,,1983-12-19,True
1983,14,G023,Andres Gomez,,1983-12-19,True
1983,15,K022,Johan Kriek,,1983-12-19,True
1983,16,M041,Tim Mayotte,,1983-12-19,True
1983,17,S058,Tomas Smid,,1983-12-19,True
1983,18,M039,Sandy Mayer,,1983-12-19,True
1983,19,J006,Anders Jarryd,,1983-12-19,True
1983,20,G008,Vitas Gerulaitis,,1983-12-19,True
1984,1,M047,John McEnroe,,1984-12-24,True
1984,2,C044,Jimmy Connors,,1984-12-24,True
1984,3,L018,Ivan Lendl,,1984-12-24,True
1984,4,W023,Mats Wilander,,1984-12-24,True
1984,5,G023,Andres Gomez,,1984-12-24,True
1984,6,J006,Anders Jarryd,,1984-12-24,True
1984,7,S097,Henrik Sundstrom,,1984-12-24,True
1984,8,T012,Eliot Teltscher,,1984-12-24,True
1984,9,N022,Yannick Noah,,1984-12-24,True
1984,10,C023,Pat Cash,,1984-12-24,True
1984,11,N030,Joakim Nystrom,,1984-12-24,True
1984,12,K023,Aaron Krickstein,,1984-12-24,True
1984,13,K022,Johan Kriek,,1984-12-24,True
1984,14,A031,Jimmy Arias,,1984-12-24,True
1984,15,C057,Kevin Curren,,1984-12-24,True
1984,16,S058,Tomas Smid,,1984-12-24,True
1984,17,G008,Vitas Gerulaitis,,1984-12-24,True
1984,18,M038,Gene Mayer,,1984-12-24,True
1984,19,A007,Juan Aguilera,,1984-12-24,True
1984,20,E004,Stefan Edberg,,1984-12-24,True
1985,1,L018,Ivan Lendl,,1985-12-30,True
1985,2,M047,John McEnroe,,1985-12-30,True
1985,3,W023,Mats Wilander,,1985-12-30,True
1985,4,C044,Jimmy Connors,,1985-12-30,True
1985,5,E004,Stefan Edberg,,1985-12-30,True
1985,6,B028,Boris Becker,,1985-12-30,True
1985,7,N022,Yannick Noah,,1985-12-30,True
1985,8,J006,Anders Jarryd,,1985-12-30,True
1985,9,M052,Miloslav Mecir Sr.,,1985-12-30,True
1985,10,C057,Kevin Curren,,1985-12-30,True
1985,11,N030,Joakim Nystrom,,1985-12-30,True
1985,12,M041,Tim Mayotte,,1985-12-30,True
1985,13,A027,Paul Annacone,,1985-12-30,True
1985,14,K022,Johan Kriek,,1985-12-30,True
1985,15,G023,Andres Gomez,,1985-12-30,True
1985,16,L014,Henri Leconte,,1985-12-30,True
1985,17,D004,Scott Davis,,1985-12-30,True
1985,18,G016,Brad Gilbert,,1985-12-30,True
1985,19,S058,Tomas Smid,,1985-12-30,True
1985,20,J004,Martin Jaite,,1985-12-30,True
1986,1,L018,Ivan Lendl,,1986-12-29,True
1986,2,B028,Boris Becker,,1986-12-29,True
1986,3,W023,Mats Wilander,,1986-12-29,True
1986,4,N022,Yannick Noah,,1986-12-29,True
1986,5,E004,Stefan Edberg,,1986-12-29,True
1986,6,L014,Henri Leconte,,1986-12-29,True
1986,7,N030,Joakim Nystrom,,1986-12-29,True
1986,8,C044,Jimmy Connors,,1986-12-29,True
1986,9,M052,Miloslav Mecir Sr.,,1986-12-29,True
1986,10,G023,Andres Gomez,,1986-12-29,True
1986,11,G016,Brad Gilbert,,1986-12-29,True
1986,12,P024,Mikael Pernfors,,1986-12-29,True
1986,13,C019,Kent Carlsson,,1986-12-29,True
1986,14,M047,John McEnroe,,1986-12-29,True
1986,15,M041,Tim Mayotte,,1986-12-29,True
1986,16,S014,Emilio Sanchez,,1986-12-29,True
1986,17,J004,Martin Jaite,,1986-12-29,True
1986,18,C057,Kevin Curren,,1986-12-29,True
1986,19,J006,Anders Jarryd,,1986-12-29,True
1986,20,T032,Thierry Tulasne,,1986-12-29,True
1987,1,L018,Ivan Lendl,,1987-12-28,True
1987,2,E004,Stefan Edberg,,1987-12-28,True
1987,3,W023,Mats Wilander,,1987-12-28,True
1987,4,C044,Jimmy Connors,,1987-12-28,True
1987,5,B028,Boris Becker,,1987-12-28,True
1987,6,M052,Miloslav Mecir Sr.,,1987-12-28,True
1987,7,C023,Pat Cash,,1987-12-28,True
1987,8,N022,Yannick Noah,,1987-12-28,True
1987,9,M041,Tim Mayotte,,1987-12-28,True
1987,10,M047,John McEnroe,,1987-12-28,True
1987,11,G023,Andres Gomez,,1987-12-28,True
1987,12,C019,Kent Carlsson,,1987-12-28,True
1987,13,G016,Brad Gilbert,,1987-12-28,True
1987,14,J004,Martin Jaite,,1987-12-28,True
1987,15,J006,Anders Jarryd,,1987-12-28,True
1987,16,N030,Joakim Nystrom,,1987-12-28,True
1987,17,S014,Emilio Sanchez,,1987-12-28,True
1987,18,P012,David Pate,,1987-12-28,True
1987,19,P190,Guillermo Perez-Roldan,,1987-12-28,True
1987,20,T012,Eliot Teltscher,,1987-12-28,True
1988,1,W023,Mats Wilander,,1988-12-26,True
1988,2,L018,Ivan Lendl,,1988-12-26,True
1988,3,A092,Andre Agassi,,1988-12-26,True
1988,4,B028,Boris Becker,,1988-12-26,True
1988,5,E004,Stefan Edberg,,1988-12-26,True
1988,6,C019,Kent Carlsson,,1988-12-26,True
1988,7,C044,Jimmy Connors,,1988-12-26,True
1988,8,H025,Jakob Hlasek,,1988-12-26,True
1988,9,L014,Henri Leconte,,1988-12-26,True
1988,10,M041,Tim Mayotte,,1988-12-26,True
1988,11,M047,John McEnroe,,1988-12-26,True
1988,12,N022,Yannick Noah,,1988-12-26,True
1988,13,M052,Miloslav Mecir Sr.,,1988-12-26,True
1988,14,C031,Andrei Chesnokov,,1988-12-26,True
1988,15,K023,Aaron Krickstein,,1988-12-26,True
1988,16,M099,Thomas Muster,,1988-12-26,True
1988,17,S014,Emilio Sanchez,,1988-12-26,True
1988,18,P190,Guillermo Perez-Roldan,,1988-12-26,True
1988,19,P024,Mikael Pernfors,,1988-12-26,True
1988,20,C023,Pat Cash,,1988-12-26,True
1989,1,L018,Ivan Lendl,,1989-12-25,True
1989,2,B028,Boris Becker,,1989-12-25,True
1989,3,E004,Stefan Edberg,,1989-12-25,True
1989,4,M047,John McEnroe,,1989-12-25,True
1989,5,C274,Michael Chang,,1989-12-25,True
1989,6,G016,Brad Gilbert,,1989-12-25,True
1989,7,A092,Andre Agassi,,1989-12-25,True
1989,8,K023,Aaron Krickstein,,1989-12-25,True
1989,9,M372,Alberto Mancini,,1989-12-25,True
1989,10,B281,Jay Berger,,1989-12-25,True
1989,11,J004,Martin Jaite,,1989-12-25,True
1989,12,W023,Mats Wilander,,1989-12-25,True
1989,13,M041,Tim Mayotte,,1989-12-25,True
1989,14,C044,Jimmy Connors,,1989-12-25,True
1989,15,S080,Carl-Uwe Steeb,,1989-12-25,True
1989,16,N022,Yannick Noah,,1989-12-25,True
1989,17,G023,Andres Gomez,,1989-12-25,True
1989,18,M052,Miloslav Mecir Sr.,,1989-12-25,True
1989,19,S014,Emilio Sanchez,,1989-12-25,True
1989,20,C057,Kevin Curren,,1989-12-25,True
1990,1,E004,Stefan Edberg,3889.0,1990-12-31,True
1990,2,B028,Boris Becker,3528.0,1990-12-31,True
1990,3,L018,Ivan Lendl,2581.0,1990-12-31,True
1990,4,A092,Andre Agassi,2398.0,1990-12-31,True
1990,5,S402,Pete Sampras,1888.0,1990-12-31,True
1990,6,G023,Andres Gomez,1680.0,1990-12-31,True
1990,7,M099,Thomas Muster,1654.0,1990-12-31,True
1990,8,S014,Emilio Sanchez,1564.0,1990-12-31,True
1990,9,I034,Goran Ivanisevic,1514.0,1990-12-31,True
1990,10,G016,Brad Gilbert,1451.0,1990-12-31,True
1990,11,S101,Jonas Svensson,1365.0,1990-12-31,True
1990,12,C031,Andrei Chesnokov,1361.0,1990-12-31,True
1990,13,M047,John McEnroe,1210.0,1990-12-31,True
1990,14,P190,Guillermo Perez-Roldan,,1990-12-31,True
1990,15,C274,Michael Chang,1119.0,1990-12-31,True
1990,16,F035,Guy Forget,1101.0,1990-12-31,True
1990,17,H025,Jakob Hlasek,1089.0,1990-12-31,True
1990,18,B281,Jay Berger,1066.0,1990-12-31,True
1990,19,A007,Juan Aguilera,1042.0,1990-12-31,True
1990,20,K023,Aaron Krickstein,1025.0,1990-12-31,True
1991,1,E004,Stefan Edberg,3515.0,1991-12-30,True
1991,2,C243,Jim Courier,3205.0,1991-12-30,True
1991,3,B028,Boris Becker,2822.0,1991-12-30,True
1991,4,S351,Michael Stich,2675.0,1991-12-30,True
1991,5,L018,Ivan Lendl,2565.0,1991-12-30,True
1991,6,S402,Pete Sampras,2492.0,1991-12-30,True
1991,7,F035,Guy Forget,2392.0,1991-12-30,True
1991,8,N025,Karel Novacek,1599.0,1991-12-30,True
1991,9,K148,Petr Korda,1570.0,1991-12-30,True
1991,10,A092,Andre Agassi,1519.0,1991-12-30,True
1991,11,B350,Sergi Bruguera,1504.0,1991-12-30,True
1991,12,G182,Magnus Gustafsson,1462.0,1991-12-30,True
1991,13,R043,Derrick Rostagno,1392.0,1991-12-30,True
1991,14,S014,Emilio Sanchez,1388.0,1991-12-30,True
1991,15,C274,Michael Chang,1363.0,1991-12-30,True
1991,16,I034,Goran Ivanisevic,1355.0,1991-12-30,True
1991,17,W123,David Wheaton,1289.0,1991-12-30,True
1991,18,P050,Goran Prpic,1178.0,1991-12-30,True
1991,19,G016,Brad Gilbert,1129.0,1991-12-30,True
1991,20,H025,Jakob Hlasek,1109.0,1991-12-30,True
1992,1,C243,Jim Courier,3599.0,1992-12-28,True
1992,2,E004,Stefan Edberg,3236.0,1992-12-28,True
1992,3,S402,Pete Sampras,3074.0,1992-12-28,True
1992,4,I034,Goran Ivanisevic,2718.0,1992-12-28,True
1992,5,B028,Boris Becker,2530.0,1992-12-28,True
1992,6,C274,Michael Chang,2277.0,1992-12-28,True
1992,7,K148,Petr Korda,2174.0,1992-12-28,True
1992,8,L018,Ivan Lendl,1985.0,1992-12-28,True
1992,9,A092,Andre Agassi,1852.0,1992-12-28,True
1992,10,K214,Richard Krajicek,1816.0,1992-12-28,True
1992,11,F035,Guy Forget,1717.0,1992-12-28,True
1992,12,F196,Wayne Ferreira,1679.0,1992-12-28,True
1992,13,W124,MaliVai Washington,,1992-12-28,True
1992,14,C179,Carlos Costa,1539.0,1992-12-28,True
1992,15,S351,Michael Stich,1401.0,1992-12-28,True
1992,16,B350,Sergi Bruguera,1323.0,1992-12-28,True
1992,17,V037,Alexander Volkov,1309.0,1992-12-28,True
1992,18,M099,Thomas Muster,1228.0,1992-12-28,True
1992,19,H191,Henrik Holm,1184.0,1992-12-28,True
1992,20,M047,John McEnroe,1158.0,1992-12-28,True
1993,1,S402,Pete Sampras,4128.0,1993-12-27,True
1993,2,S351,Michael Stich,3445.0,1993-12-27,True
1993,3,C243,Jim Courier,3390.0,1993-12-27,True
1993,4,B350,Sergi Bruguera,2590.0,1993-12-27,True
1993,5,E004,Stefan Edberg,2571.0,1993-12-27,True
1993,6,M475,Andrei Medvedev,2415.0,1993-12-27,True
1993,7,I034,Goran Ivanisevic,2186.0,1993-12-27,True
1993,8,C274,Michael Chang,2154.0,1993-12-27,True
1993,9,M099,Thomas Muster,2033.0,1993-12-27,True
1993,10,P226,Cedric Pioline,2012.0,1993-12-27,True
1993,11,B028,Boris Becker,1958.0,1993-12-27,True
1993,12,K148,Petr Korda,1742.0,1993-12-27,True
1993,13,M442,Todd Martin,1695.0,1993-12-27,True
1993,14,G182,Magnus Gustafsson,1586.0,1993-12-27,True
1993,15,K214,Richard Krajicek,1572.0,1993-12-27,True
1993,16,R214,Marc Rosset,1485.0,1993-12-27,True
1993,17,N025,Karel Novacek,1412.0,1993-12-27,True
1993,18,V037,Alexander Volkov,1382.0,1993-12-27,True
1993,19,L018,Ivan Lendl,1362.0,1993-12-27,True
1993,20,B053,Arnaud Boetsch,1344.0,1993-12-27,True
1994,1,S402,Pete Sampras,5097.0,1994-12-26,True
1994,2,A092,Andre Agassi,3249.0,1994-12-26,True
1994,3,B028,Boris Becker,3237.0,1994-12-26,True
1994,4,B350,Sergi Bruguera,3007.0,1994-12-26,True
1994,5,I034,Goran Ivanisevic,2936.0,1994-12-26,True
1994,6,C274,Michael Chang,2647.0,1994-12-26,True
1994,7,E004,Stefan Edberg,2471.0,1994-12-26,True
1994,8,B428,Alberto Berasategui,2470.0,1994-12-26,True
1994,9,S351,Michael Stich,2380.0,1994-12-26,True
1994,10,M442,Todd Martin,2307.0,1994-12-26,True
1994,11,K267,Yevgeny Kafelnikov,2174.0,1994-12-26,True
1994,12,F196,Wayne Ferreira,2121.0,1994-12-26,True
1994,13,C243,Jim Courier,1909.0,1994-12-26,True
1994,14,R214,Marc Rosset,1770.0,1994-12-26,True
1994,15,M475,Andrei Medvedev,1655.0,1994-12-26,True
1994,16,M099,Thomas Muster,1616.0,1994-12-26,True
1994,17,K214,Richard Krajicek,1407.0,1994-12-26,True
1994,18,K148,Petr Korda,1397.0,1994-12-26,True
1994,19,L206,Magnus Larsson,1331.0,1994-12-26,True
1994,20,R255,Patrick Rafter,1296.0,1994-12-26,True
1995,1,S402,Pete Sampras,4842.0,1995-12-25,True
1995,2,A092,Andre Agassi,4765.0,1995-12-25,True
1995,3,M099,Thomas Muster,4474.0,1995-12-25,True
1995,4,B028,Boris Becker,3325.0,1995-12-25,True
1995,5,C274,Michael Chang,3211.0,1995-12-25,True
1995,6,K267,Yevgeny Kafelnikov,2560.0,1995-12-25,True
1995,7,E113,Thomas Enqvist,2505.0,1995-12-25,True
1995,8,C243,Jim Courier,2471.0,1995-12-25,True
1995,9,F196,Wayne Ferreira,2144.0,1995-12-25,True
1995,10,I034,Goran Ivanisevic,1861.0,1995-12-25,True
1995,11,K214,Richard Krajicek,1756.0,1995-12-25,True
1995,12,S351,Michael Stich,1727.0,1995-12-25,True
1995,13,B350,Sergi Bruguera,1666.0,1995-12-25,True
1995,14,B053,Arnaud Boetsch,1530.0,1995-12-25,True
1995,15,R214,Marc Rosset,1391.0,1995-12-25,True
1995,16,M475,Andrei Medvedev,1386.0,1995-12-25,True
1995,17,L206,Magnus Larsson,1334.0,1995-12-25,True
1995,18,M442,Todd Martin,1268.0,1995-12-25,True
1995,19,H223,Paul Haarhuis,1266.0,1995-12-25,True
1995,20,S315,Gilbert Schaller,1256.0,1995-12-25,True
1996,1,S402,Pete Sampras,4865.0,1996-12-30,True
1996,2,C274,Michael Chang,3597.0,1996-12-30,True
1996,3,K267,Yevgeny Kafelnikov,3564.0,1996-12-30,True
1996,4,I034,Goran Ivanisevic,3492.0,1996-12-30,True
1996,5,M099,Thomas Muster,3166.0,1996-12-30,True
1996,6,B028,Boris Becker,2983.0,1996-12-30,True
1996,7,K214,Richard Krajicek,2380.0,1996-12-30,True
1996,8,A092,Andre Agassi,2364.0,1996-12-30,True
1996,9,E113,Thomas Enqvist,2191.0,1996-12-30,True
1996,10,F196,Wayne Ferreira,2149.0,1996-12-30,True
1996,11,R286,Marcelo Rios,2114.0,1996-12-30,True
1996,12,M442,Todd Martin,2039.0,1996-12-30,True
1996,13,C378,Albert Costa,1757.0,1996-12-30,True
1996,14,E004,Stefan Edberg,1567.0,1996-12-30,True
1996,15,S381,Jan Siemerink,1530.0,1996-12-30,True
1996,16,S351,Michael Stich,1518.0,1996-12-30,True
1996,17,G182,Magnus Gustafsson,1515.0,1996-12-30,True
1996,18,M535,Felix Mantilla,1505.0,1996-12-30,True
1996,19,B428,Alberto Berasategui,1477.0,1996-12-30,True
1996,20,W124,MaliVai Washington,1472.0,1996-12-30,True
1997,1,S402,Pete Sampras,4547.0,1997-12-29,True
1997,2,R255,Patrick Rafter,3210.0,1997-12-29,True
1997,3,C274,Michael Chang,3189.0,1997-12-29,True
1997,4,B446,Jonas Bjorkman,2949.0,1997-12-29,True
1997,5,K267,Yevgeny Kafelnikov,2690.0,1997-12-29,True
1997,6,R237,Greg Rusedski,2617.0,1997-12-29,True
1997,7,M605,Carlos Moya,2508.0,1997-12-29,True
1997,8,B350,Sergi Bruguera,2367.0,1997-12-29,True
1997,9,M099,Thomas Muster,2353.0,1997-12-29,True
1997,10,R286,Marcelo Rios,2317.0,1997-12-29,True
1997,11,K214,Richard Krajicek,2299.0,1997-12-29,True
1997,12,C344,Alex Corretja,2275.0,1997-12-29,True
1997,13,K148,Petr Korda,2261.0,1997-12-29,True
1997,14,K293,Gustavo Kuerten,2215.0,1997-12-29,True
1997,15,I034,Goran Ivanisevic,2176.0,1997-12-29,True
1997,16,M535,Felix Mantilla,2110.0,1997-12-29,True
1997,17,H336,Tim Henman,1929.0,1997-12-29,True
1997,18,P338,Mark Philippoussis,1809.0,1997-12-29,True
1997,19,C378,Albert Costa,1778.0,1997-12-29,True
1997,20,P226,Cedric Pioline,1534.0,1997-12-29,True
1998,1,S402,Pete Sampras,3915.0,1998-12-28,True
1998,2,R286,Marcelo Rios,3670.0,1998-12-28,True
1998,3,C344,Alex Corretja,3398.0,1998-12-28,True
1998,4,R255,Patrick Rafter,3315.0,1998-12-28,True
1998,5,M605,Carlos Moya,3159.0,1998-12-28,True
1998,6,A092,Andre Agassi,2879.0,1998-12-28,True
1998,7,H336,Tim Henman,2620.0,1998-12-28,True
1998,8,K237,Karol Kucera,2579.0,1998-12-28,True
1998,9,R237,Greg Rusedski,2573.0,1998-12-28,True
1998,10,K214,Richard Krajicek,2548.0,1998-12-28,True
1998,11,K267,Yevgeny Kafelnikov,2515.0,1998-12-28,True
1998,12,I034,Goran Ivanisevic,2137.0,1998-12-28,True
1998,13,K148,Petr Korda,2114.0,1998-12-28,True
1998,14,C378,Albert Costa,1823.0,1998-12-28,True
1998,15,P338,Mark Philippoussis,1792.0,1998-12-28,True
1998,16,M442,Todd Martin,1774.0,1998-12-28,True
1998,17,J129,Thomas Johansson,1761.0,1998-12-28,True
1998,18,P226,Cedric Pioline,1710.0,1998-12-28,True
1998,19,S381,Jan Siemerink,1669.0,1998-12-28,True
1998,20,M535,Felix Mantilla,1643.0,1998-12-28,True
1999,1,A092,Andre Agassi,5048.0,1999-12-27,True
1999,2,K267,Yevgeny Kafelnikov,3465.0,1999-12-27,True
1999,3,S402,Pete Sampras,3024.0,1999-12-27,True
1999,4,E113,Thomas Enqvist,2606.0,1999-12-27,True
1999,5,K293,Gustavo Kuerten,2601.0,1999-12-27,True
1999,6,K316,Nicolas Kiefer,2447.0,1999-12-27,True
1999,7,M442,Todd Martin,2408.0,1999-12-27,True
1999,8,L290,Nicolas Lapentti,2284.0,1999-12-27,True
1999,9,R286,Marcelo Rios,2245.0,1999-12-27,True
1999,10,K214,Richard Krajicek,2095.0,1999-12-27,True
1999,11,H355,Tommy Haas,1921.0,1999-12-27,True
1999,12,H336,Tim Henman,1920.0,1999-12-27,True
1999,13,P226,Cedric Pioline,1814.0,1999-12-27,True
1999,14,R237,Greg Rusedski,1802.0,1999-12-27,True
1999,15,N250,Magnus Norman,1748.0,1999-12-27,True
1999,16,R255,Patrick Rafter,1731.0,1999-12-27,True
1999,17,K237,Karol Kucera,1633.0,1999-12-27,True
1999,18,C378,Albert Costa,1572.0,1999-12-27,True
1999,19,P338,Mark Philippoussis,1570.0,1999-12-27,True
1999,20,S544,Vincent Spadea,1542.0,1999-12-27,True
2000,1,K293,Gustavo Kuerten,4195.0,2000-12-25,True
2000,2,S741,Marat Safin,4120.0,2000-12-25,True
2000,3,S402,Pete Sampras,3385.0,2000-12-25,True
2000,4,N250,Magnus Norman,3110.0,2000-12-25,True
2000,5,K267,Yevgeny Kafelnikov,2935.0,2000-12-25,True
2000,6,A092,Andre Agassi,2765.0,2000-12-25,True
2000,7,H432,Lleyton Hewitt,2625.0,2000-12-25,True
2000,8,C344,Alex Corretja,2475.0,2000-12-25,True
2000,9,E113,Thomas Enqvist,2210.0,2000-12-25,True
2000,10,H336,Tim Henman,2020.0,2000-12-25,True
2000,11,P338,Mark Philippoussis,1865.0,2000-12-25,True
2000,12,F316,Juan Carlos Ferrero,1840.0,2000-12-25,True
2000,13,F196,Wayne Ferreira,1770.0,2000-12-25,True
2000,14,S568,Franco Squillari,1598.0,2000-12-25,True
2000,15,R255,Patrick Rafter,1535.0,2000-12-25,True
2000,16,P226,Cedric Pioline,1520.0,2000-12-25,True
2000,17,H377,Dominik Hrbaty,1395.0,2000-12-25,True
2000,18,C487,Arnaud Clement,1360.0,2000-12-25,True
2000,19,G379,Sebastien Grosjean,1325.0,2000-12-25,True
2000,20,K316,Nicolas Kiefer,1265.0,2000-12-25,True
2001,1,H432,Lleyton Hewitt,4365.0,2001-12-31,True
2001,2,K293,Gustavo Kuerten,3855.0,2001-12-31,True
2001,3,A092,Andre Agassi,3520.0,2001-12-31,True
2001,4,K267,Yevgeny Kafelnikov,3090.0,2001-12-31,True
2001,5,F316,Juan Carlos Ferrero,3040.0,2001-12-31,True
2001,6,G379,Sebastien Grosjean,2790.0,2001-12-31,True
2001,7,R255,Patrick Rafter,2785.0,2001-12-31,True
2001,8,H355,Tommy Haas,2285.0,2001-12-31,True
2001,9,H336,Tim Henman,2100.0,2001-12-31,True
2001,10,S402,Pete Sampras,1940.0,2001-12-31,True
2001,11,S741,Marat Safin,1920.0,2001-12-31,True
2001,12,I034,Goran Ivanisevic,1761.0,2001-12-31,True
2001,13,F324,Roger Federer,1745.0,2001-12-31,True
2001,14,R485,Andy Roddick,1573.0,2001-12-31,True
2001,15,C433,Guillermo Canas,1572.0,2001-12-31,True
2001,16,C344,Alex Corretja,1525.0,2001-12-31,True
2001,17,C487,Arnaud Clement,1475.0,2001-12-31,True
2001,18,J129,Thomas Johansson,1375.0,2001-12-31,True
2001,19,M605,Carlos Moya,1310.0,2001-12-31,True
2001,20,P305,Albert Portas,1220.0,2001-12-31,True
2002,1,H432,Lleyton Hewitt,4485.0,2002-12-30,True
2002,2,A092,Andre Agassi,3395.0,2002-12-30,True
2002,3,S741,Marat Safin,2845.0,2002-12-30,True
2002,4,F316,Juan Carlos Ferrero,2740.0,2002-12-30,True
2002,5,M605,Carlos Moya,2630.0,2002-12-30,True
2002,6,F324,Roger Federer,2590.0,2002-12-30,True
2002,7,N254,Jiri Novak,2335.0,2002-12-30,True
2002,8,H336,Tim Henman,2215.0,2002-12-30,True
2002,9,C378,Albert Costa,2070.0,2002-12-30,True
2002,10,R485,Andy Roddick,2045.0,2002-12-30,True
2002,11,H355,Tommy Haas,2020.0,2002-12-30,True
2002,12,N301,David Nalbandian,1775.0,2002-12-30,True
2002,13,S402,Pete Sampras,1735.0,2002-12-30,True
2002,14,J129,Thomas Johansson,1725.0,2002-12-30,True
2002,15,C433,Guillermo Canas,1725.0,2002-12-30,True
2002,16,S675,Paradorn Srichaphan,1646.0,2002-12-30,True
2002,17,G379,Sebastien Grosjean,1640.0,2002-12-30,True
2002,18,G415,Fernando Gonzalez,1636.0,2002-12-30,True
2002,19,C344,Alex Corretja,1555.0,2002-12-30,True
2002,20,S572,Sjeng Schalken,1525.0,2002-12-30,True
2003,1,R485,Andy Roddick,4535.0,2003-12-29,True
2003,2,F324,Roger Federer,4375.0,2003-12-29,True
2003,3,F316,Juan Carlos Ferrero,4205.0,2003-12-29,True
2003,4,A092,Andre Agassi,3425.0,2003-12-29,True
2003,5,C524,Guillermo Coria,3330.0,2003-12-29,True
2003,6,S636,Rainer Schuettler,3205.0,2003-12-29,True
2003,7,M605,Carlos Moya,2280.0,2003-12-29,True
2003,8,N301,David Nalbandian,2060.0,2003-12-29,True
2003,9,P338,Mark Philippoussis,1615.0,2003-12-29,True
2003,10,G379,Sebastien Grosjean,1610.0,2003-12-29,True
2003,11,S675,Paradorn Srichaphan,1595.0,2003-12-29,True
2003,12,M655,Nicolas Massu,1559.0,2003-12-29,True
2003,13,N254,Jiri Novak,1510.0,2003-12-29,True
2003,14,E121,Younes El Aynaoui,1480.0,2003-12-29,True
2003,15,H336,Tim Henman,1480.0,2003-12-29,True
2003,16,K293,Gustavo Kuerten,1470.0,2003-12-29,True
2003,17,H432,Lleyton Hewitt,1450.0,2003-12-29,True
2003,18,S572,Sjeng Schalken,1445.0,2003-12-29,True
2003,19,V232,Martin Verkerk,1425.0,2003-12-29,True
2003,20,F339,Mardy Fish,1300.0,2003-12-29,True
2004,1,F324,Roger Federer,6335.0,2004-12-27,True
2004,2,R485,Andy Roddick,3655.0,2004-12-27,True
2004,3,H432,Lleyton Hewitt,3590.0,2004-12-27,True
2004,4,S741,Marat Safin,3060.0,2004-12-27,True
2004,5,M605,Carlos Moya,2520.0,2004-12-27,True
2004,6,H336,Tim Henman,2465.0,2004-12-27,True
2004,7,C524,Guillermo Coria,2400.0,2004-12-27,True
2004,8,A092,Andre Agassi,2100.0,2004-12-27,True
2004,9,N301,David Nalbandian,1945.0,2004-12-27,True
2004,10,G374,Gaston Gaudio,1920.0,2004-12-27,True
2004,11,J194,Joachim Johansson,1595.0,2004-12-27,True
2004,12,C433,Guillermo Canas,1595.0,2004-12-27,True
2004,13,R419,Tommy Robredo,1465.0,2004-12-27,True
2004,14,H377,Dominik Hrbaty,1380.0,2004-12-27,True
2004,15,G379,Sebastien Grosjean,1370.0,2004-12-27,True
2004,16,Y061,Mikhail Youzhny,1340.0,2004-12-27,True
2004,17,H355,Tommy Haas,1330.0,2004-12-27,True
2004,18,P280,Andrei Pavel,1325.0,2004-12-27,True
2004,19,M655,Nicolas Massu,1320.0,2004-12-27,True
2004,20,S544,Vincent Spadea,1285.0,2004-12-27,True
2005,1,F324,Roger Federer,6725.0,2005-12-26,True
2005,2,N409,Rafael Nadal,4765.0,2005-12-26,True
2005,3,R485,Andy Roddick,3085.0,2005-12-26,True
2005,4,H432,Lleyton Hewitt,2490.0,2005-12-26,True
2005,5,D402,Nikolay Davydenko,2390.0,2005-12-26,True
2005,6,N301,David Nalbandian,2370.0,2005-12-26,True
2005,7,A092,Andre Agassi,2275.0,2005-12-26,True
2005,8,C524,Guillermo Coria,2190.0,2005-12-26,True
2005,9,L360,Ivan Ljubicic,2180.0,2005-12-26,True
2005,10,G374,Gaston Gaudio,2050.0,2005-12-26,True
2005,11,G415,Fernando Gonzalez,1790.0,2005-12-26,True
2005,12,S741,Marat Safin,1730.0,2005-12-26,True
2005,13,J129,Thomas Johansson,1645.0,2005-12-26,True
2005,14,F401,David Ferrer,1620.0,2005-12-26,True
2005,15,G569,Robby Ginepri,1520.0,2005-12-26,True
2005,16,G628,Richard Gasquet,1506.0,2005-12-26,True
2005,17,F316,Juan Carlos Ferrero,1500.0,2005-12-26,True
2005,18,H377,Dominik Hrbaty,1490.0,2005-12-26,True
2005,19,R419,Tommy Robredo,1490.0,2005-12-26,True
2005,20,S694,Radek Stepanek,1440.0,2005-12-26,True
2006,1,F324,Roger Federer,8370.0,2006-12-25,True
2006,2,N409,Rafael Nadal,4470.0,2006-12-25,True
2006,3,D402,Nikolay Davydenko,2825.0,2006-12-25,True
2006,4,B676,James Blake,2530.0,2006-12-25,True
2006,5,L360,Ivan Ljubicic,2495.0,2006-12-25,True
2006,6,R485,Andy Roddick,2415.0,2006-12-25,True
2006,7,R419,Tommy Robredo,2375.0,2006-12-25,True
2006,8,N301,David Nalbandian,2295.0,2006-12-25,True
2006,9,A385,Mario Ancic,2060.0,2006-12-25,True
2006,10,G415,Fernando Gonzalez,2015.0,2006-12-25,True
2006,11,H355,Tommy Haas,1890.0,2006-12-25,True
2006,12,B837,Marcos Baghdatis,1860.0,2006-12-25,True
2006,13,BA47,Tomas Berdych,1705.0,2006-12-25,True
2006,14,F401,David Ferrer,1475.0,2006-12-25,True
2006,15,N289,Jarkko Nieminen,1460.0,2006-12-25,True
2006,16,D643,Novak Djokovic,1380.0,2006-12-25,True
2006,17,MC10,Andy Murray,1370.0,2006-12-25,True
2006,18,G628,Richard Gasquet,1365.0,2006-12-25,True
2006,19,S694,Radek Stepanek,1340.0,2006-12-25,True
2006,20,H432,Lleyton Hewitt,1315.0,2006-12-25,True
2007,1,F324,Roger Federer,7180.0,2007-12-31,True
2007,2,N409,Rafael Nadal,5735.0,2007-12-31,True
2007,3,D643,Novak Djokovic,4470.0,2007-12-31,True
2007,4,D402,Nikolay Davydenko,2825.0,2007-12-31,True
2007,5,F401,David Ferrer,2750.0,2007-12-31,True
2007,6,R485,Andy Roddick,2530.0,2007-12-31,True
2007,7,G415,Fernando Gonzalez,2005.0,2007-12-31,True
2007,8,G628,Richard Gasquet,1930.0,2007-12-31,True
2007,9,N301,David Nalbandian,1775.0,2007-12-31,True
2007,10,R419,Tommy Robredo,1765.0,2007-12-31,True
2007,11,MC10,Andy Murray,1755.0,2007-12-31,True
2007,12,H355,Tommy Haas,1720.0,2007-12-31,True
2007,13,B676,James Blake,1710.0,2007-12-31,True
2007,14,BA47,Tomas Berdych,1685.0,2007-12-31,True
2007,15,C433,Guillermo Canas,1653.0,2007-12-31,True
2007,16,B837,Marcos Baghdatis,1600.0,2007-12-31,True
2007,17,M605,Carlos Moya,1585.0,2007-12-31,True
2007,18,L360,Ivan Ljubicic,1580.0,2007-12-31,True
2007,19,Y061,Mikhail Youzhny,1570.0,2007-12-31,True
2007,20,C514,Juan Ignacio Chela,1425.0,2007-12-31,True
2008,1,N409,Rafael Nadal,6675.0,2008-12-29,True
2008,2,F324,Roger Federer,5305.0,2008-12-29,True
2008,3,D643,Novak Djokovic,5295.0,2008-12-29,True
2008,4,MC10,Andy Murray,3720.0,2008-12-29,True
2008,5,D402,Nikolay Davydenko,2715.0,2008-12-29,True
2008,6,T786,Jo-Wilfried Tsonga,2050.0,2008-12-29,True
2008,7,SD32,Gilles Simon,1980.0,2008-12-29,True
2008,8,R485,Andy Roddick,1970.0,2008-12-29,True
2008,9,D683,Juan Martin del Potro,1945.0,2008-12-29,True
2008,10,B676,James Blake,1775.0,2008-12-29,True
2008,11,N301,David Nalbandian,1725.0,2008-12-29,True
2008,12,F401,David Ferrer,1695.0,2008-12-29,True
2008,13,W367,Stan Wawrinka,1510.0,2008-12-29,True
2008,14,MC65,Gael Monfils,1475.0,2008-12-29,True
2008,15,G415,Fernando Gonzalez,1420.0,2008-12-29,True
2008,16,V306,Fernando Verdasco,1415.0,2008-12-29,True
2008,17,SA49,Robin Soderling,1325.0,2008-12-29,True
2008,18,A479,Nicolas Almagro,1270.0,2008-12-29,True
2008,19,A511,Igor Andreev,1245.0,2008-12-29,True
2008,20,BA47,Tomas Berdych,1215.0,2008-12-29,True
2009,1,F324,Roger Federer,10550.0,2009-12-28,True
2009,2,N409,Rafael Nadal,9205.0,2009-12-28,True
2009,3,D643,Novak Djokovic,8310.0,2009-12-28,True
2009,4,MC10,Andy Murray,7030.0,2009-12-28,True
2009,5,D683,Juan Martin del Potro,6785.0,2009-12-28,True
2009,6,D402,Nikolay Davydenko,4930.0,2009-12-28,True
2009,7,R485,Andy Roddick,4410.0,2009-12-28,True
2009,8,SA49,Robin Soderling,3410.0,2009-12-28,True
2009,9,V306,Fernando Verdasco,3300.0,2009-12-28,True
2009,10,T786,Jo-Wilfried Tsonga,2875.0,2009-12-28,True
2009,11,G415,Fernando Gonzalez,2870.0,2009-12-28,True
2009,12,S694,Radek Stepanek,2625.0,2009-12-28,True
2009,13,MC65,Gael Monfils,2610.0,2009-12-28,True
2009,14,C977,Marin Cilic,2430.0,2009-12-28,True
2009,15,SD32,Gilles Simon,2275.0,2009-12-28,True
2009,16,R419,Tommy Robredo,2175.0,2009-12-28,True
2009,17,F401,David Ferrer,1870.0,2009-12-28,True
2009,18,H355,Tommy Haas,1855.0,2009-12-28,True
2009,19,Y061,Mikhail Youzhny,1690.0,2009-12-28,True
2009,20,BA47,Tomas Berdych,1655.0,2009-12-28,True
2010,1,N409,Rafael Nadal,12450.0,2010-12-27,True
2010,2,F324,Roger Federer,9145.0,2010-12-27,True
2010,3,D643,Novak Djokovic,6240.0,2010-12-27,True
2010,4,MC10,Andy Murray,5760.0,2010-12-27,True
2010,5,SA49,Robin Soderling,5580.0,2010-12-27,True
2010,6,BA47,Tomas Berdych,3955.0,2010-12-27,True
2010,7,F401,David Ferrer,3735.0,2010-12-27,True
2010,8,R485,Andy Roddick,3665.0,2010-12-27,True
2010,9,V306,Fernando Verdasco,3240.0,2010-12-27,True
2010,10,Y061,Mikhail Youzhny,2920.0,2010-12-27,True
2010,11,M762,Jurgen Melzer,2785.0,2010-12-27,True
2010,12,MC65,Gael Monfils,2560.0,2010-12-27,True
2010,13,T786,Jo-Wilfried Tsonga,2345.0,2010-12-27,True
2010,14,C977,Marin Cilic,2300.0,2010-12-27,True
2010,15,A479,Nicolas Almagro,2160.0,2010-12-27,True
2010,16,F339,Mardy Fish,1991.0,2010-12-27,True
2010,17,L360,Ivan Ljubicic,1965.0,2010-12-27,True
2010,18,Q927,Sam Querrey,1860.0,2010-12-27,True
2010,19,I186,John Isner,1850.0,2010-12-27,True
2010,20,B837,Marcos Baghdatis,1785.0,2010-12-27,True
2011,1,D643,Novak Djokovic,13630.0,2011-12-26,True
2011,2,N409,Rafael Nadal,9595.0,2011-12-26,True
2011,3,F324,Roger Federer,8170.0,2011-12-26,True
2011,4,MC10,Andy Murray,7380.0,2011-12-26,True
2011,5,F401,David Ferrer,4925.0,2011-12-26,True
2011,6,T786,Jo-Wilfried Tsonga,4335.0,2011-12-26,True
2011,7,BA47,Tomas Berdych,3700.0,2011-12-26,True
2011,8,F339,Mardy Fish,2965.0,2011-12-26,True
2011,9,T742,Janko Tipsarevic,2595.0,2011-12-26,True
2011,10,A479,Nicolas Almagro,2380.0,2011-12-26,True
2011,11,D683,Juan Martin del Potro,2315.0,2011-12-26,True
2011,12,SD32,Gilles Simon,2165.0,2011-12-26,True
2011,13,SA49,Robin Soderling,2120.0,2011-12-26,True
2011,14,R485,Andy Roddick,1940.0,2011-12-26,True
2011,15,D801,Alexandr Dolgopolov,1925.0,2011-12-26,True
2011,16,MC65,Gael Monfils,1910.0,2011-12-26,True
2011,17,W367,Stan Wawrinka,1820.0,2011-12-26,True
2011,18,I186,John Isner,1800.0,2011-12-26,True
2011,19,G628,Richard Gasquet,1765.0,2011-12-26,True
2011,20,L397,Feliciano Lopez,1755.0,2011-12-26,True
2012,1,D643,Novak Djokovic,12920.0,2012-12-31,True
2012,2,F324,Roger Federer,10265.0,2012-12-31,True
2012,3,MC10,Andy Murray,8000.0,2012-12-31,True
2012,4,N409,Rafael Nadal,6690.0,2012-12-31,True
2012,5,F401,David Ferrer,6505.0,2012-12-31,True
2012,6,BA47,Tomas Berdych,4680.0,2012-12-31,True
2012,7,D683,Juan Martin del Potro,4480.0,2012-12-31,True
2012,8,T786,Jo-Wilfried Tsonga,3490.0,2012-12-31,True
2012,9,T742,Janko Tipsarevic,2990.0,2012-12-31,True
2012,10,G628,Richard Gasquet,2515.0,2012-12-31,True
2012,11,A479,Nicolas Almagro,2515.0,2012-12-31,True
2012,12,MA21,Juan Monaco,2430.0,2012-12-31,True
2012,13,R975,Milos Raonic,2380.0,2012-12-31,True
2012,14,I186,John Isner,2215.0,2012-12-31,True
2012,15,C977,Marin Cilic,2210.0,2012-12-31,True
2012,16,SD32,Gilles Simon,2165.0,2012-12-31,True
2012,17,W367,Stan Wawrinka,1900.0,2012-12-31,True
2012,18,D801,Alexandr Dolgopolov,1855.0,2012-12-31,True
2012,19,N552,Kei Nishikori,1830.0,2012-12-31,True
2012,20,K435,Philipp Kohlschreiber,1770.0,2012-12-31,True
2013,1,N409,Rafael Nadal,13030.0,2013-12-30,True
2013,2,D643,Novak Djokovic,12260.0,2013-12-30,True
2013,3,F401,David Ferrer,5800.0,2013-12-30,True
2013,4,MC10,Andy Murray,5790.0,2013-12-30,True
2013,5,D683,Juan Martin del Potro,5255.0,2013-12-30,True
2013,6,F324,Roger Federer,4205.0,2013-12-30,True
2013,7,BA47,Tomas Berdych,4180.0,2013-12-30,True
2013,8,W367,Stan Wawrinka,3730.0,2013-12-30,True
2013,9,G628,Richard Gasquet,3300.0,2013-12-30,True
2013,10,T786,Jo-Wilfried Tsonga,3065.0,2013-12-30,True
2013,11,R975,Milos Raonic,2860.0,2013-12-30,True
2013,12,H355,Tommy Haas,2435.0,2013-12-30,True
2013,13,A479,Nicolas Almagro,2290.0,2013-12-30,True
2013,14,I186,John Isner,2150.0,2013-12-30,True
2013,15,Y061,Mikhail Youzhny,2145.0,2013-12-30,True
2013,16,F510,Fabio Fognini,1930.0,2013-12-30,True
2013,17,N552,Kei Nishikori,1915.0,2013-12-30,True
2013,18,R419,Tommy Robredo,1810.0,2013-12-30,True
2013,19,SD32,Gilles Simon,1790.0,2013-12-30,True
2013,20,A678,Kevin Anderson,1685.0,2013-12-30,True
2014,1,D643,Novak Djokovic,11360.0,2014-12-29,True
2014,2,F324,Roger Federer,9775.0,2014-12-29,True
2014,3,N409,Rafael Nadal,6835.0,2014-12-29,True
2014,4,W367,Stan Wawrinka,5370.0,2014-12-29,True
2014,5,N552,Kei Nishikori,5025.0,2014-12-29,True
2014,6,MC10,Andy Murray,4675.0,2014-12-29,True
2014,7,BA47,Tomas Berdych,4600.0,2014-12-29,True
2014,8,R975,Milos Raonic,4440.0,2014-12-29,True
2014,9,C977,Marin Cilic,4150.0,2014-12-29,True
2014,10,F401,David Ferrer,4045.0,2014-12-29,True
2014,11,D875,Grigor Dimitrov,3645.0,2014-12-29,True
2014,12,T786,Jo-Wilfried Tsonga,2740.0,2014-12-29,True
2014,13,G858,Ernests Gulbis,2455.0,2014-12-29,True
2014,14,L397,Feliciano Lopez,2130.0,2014-12-29,True
2014,15,BD06,Roberto Bautista Agut,2110.0,2014-12-29,True
2014,16,A678,Kevin Anderson,2080.0,2014-12-29,True
2014,17,R419,Tommy Robredo,2015.0,2014-12-29,True
2014,18,MC65,Gael Monfils,1900.0,2014-12-29,True
2014,19,I186,John Isner,1890.0,2014-12-29,True
2014,20,F510,Fabio Fognini,1790.0,2014-12-29,True
2015,1,D643,Novak Djokovic,16585.0,2015-12-28,True
2015,2,MC10,Andy Murray,8945.0,2015-12-28,True
2015,3,F324,Roger Federer,8265.0,2015-12-28,True
2015,4,W367,Stan Wawrinka,6865.0,2015-12-28,True
2015,5,N409,Rafael Nadal,5230.0,2015-12-28,True
2015,6,BA47,Tomas Berdych,4620.0,2015-12-28,True
2015,7,F401,David Ferrer,4305.0,2015-12-28,True
2015,8,N552,Kei Nishikori,4235.0,2015-12-28,True
2015,9,G628,Richard Gasquet,2850.0,2015-12-28,True
2015,10,T786,Jo-Wilfried Tsonga,2635.0,2015-12-28,True
2015,11,I186,John Isner,2495.0,2015-12-28,True
2015,12,A678,Kevin Anderson,2475.0,2015-12-28,True
2015,13,C977,Marin Cilic,2405.0,2015-12-28,True
2015,14,R975,Milos Raonic,2170.0,2015-12-28,True
2015,15,SD32,Gilles Simon,2145.0,2015-12-28,True
2015,16,GB88,David Goffin,1880.0,2015-12-28,True
2015,17,L397,Feliciano Lopez,1690.0,2015-12-28,True
2015,18,TA46,Bernard Tomic,1675.0,2015-12-28,True
2015,19,PD31,Benoit Paire,1633.0,2015-12-28,True
2015,20,TB69,Dominic Thiem,1600.0,2015-12-28,True
2016,1,MC10,Andy Murray,12410.0,2016-12-26,True
2016,2,D643,Novak Djokovic,11780.0,2016-12-26,True
2016,3,R975,Milos Raonic,5450.0,2016-12-26,True
2016,4,W367,Stan Wawrinka,5315.0,2016-12-26,True
2016,5,N552,Kei Nishikori,4905.0,2016-12-26,True
2016,6,C977,Marin Cilic,3650.0,2016-12-26,True
2016,7,MC65,Gael Monfils,3625.0,2016-12-26,True
2016,8,TB69,Dominic Thiem,3415.0,2016-12-26,True
2016,9,N409,Rafael Nadal,3300.0,2016-12-26,True
2016,10,BA47,Tomas Berdych,3060.0,2016-12-26,True
2016,11,GB88,David Goffin,2750.0,2016-12-26,True
2016,12,T786,Jo-Wilfried Tsonga,2550.0,2016-12-26,True
2016,13,KE17,Nick Kyrgios,2460.0,2016-12-26,True
2016,14,BD06,Roberto Bautista Agut,2350.0,2016-12-26,True
2016,15,PF39,Lucas Pouille,2156.0,2016-12-26,True
2016,16,F324,Roger Federer,2130.0,2016-12-26,True
2016,17,D875,Grigor Dimitrov,2035.0,2016-12-26,True
2016,18,G628,Richard Gasquet,1885.0,2016-12-26,True
2016,19,I186,John Isner,1850.0,2016-12-26,True
2016,20,K336,Ivo Karlovic,1795.0,2016-12-26,True
2017,1,N409,Rafael Nadal,10645.0,2017-12-25,True
2017,2,F324,Roger Federer,9605.0,2017-12-25,True
2017,3,D875,Grigor Dimitrov,5150.0,2017-12-25,True
2017,4,Z355,Alexander Zverev,4610.0,2017-12-25,True
2017,5,TB69,Dominic Thiem,4015.0,2017-12-25,True
2017,6,C977,Marin Cilic,3805.0,2017-12-25,True
2017,7,GB88,David Goffin,3775.0,2017-12-25,True
2017,8,SM25,Jack Sock,3165.0,2017-12-25,True
2017,9,W367,Stan Wawrinka,3150.0,2017-12-25,True
2017,10,CD85,Pablo Carreno Busta,2615.0,2017-12-25,True
2017,11,D683,Juan Martin del Potro,2595.0,2017-12-25,True
2017,12,D643,Novak Djokovic,2585.0,2017-12-25,True
2017,13,Q927,Sam Querrey,2535.0,2017-12-25,True
2017,14,A678,Kevin Anderson,2480.0,2017-12-25,True
2017,15,T786,Jo-Wilfried Tsonga,2320.0,2017-12-25,True
2017,16,MC10,Andy Murray,2290.0,2017-12-25,True
2017,17,I186,John Isner,2265.0,2017-12-25,True
2017,18,PF39,Lucas Pouille,2235.0,2017-12-25,True
2017,19,BA47,Tomas Berdych,2095.0,2017-12-25,True
2017,20,BD06,Roberto Bautista Agut,2015.0,2017-12-25,True
2018,1,D643,Novak Djokovic,9045.0,2018-12-31,True
2018,2,N409,Rafael Nadal,7480.0,2018-12-31,True
2018,3,F324,Roger Federer,6420.0,2018-12-31,True
2018,4,Z355,Alexander Zverev,6385.0,2018-12-31,True
2018,5,D683,Juan Martin del Potro,5300.0,2018-12-31,True
2018,6,A678,Kevin Anderson,4710.0,2018-12-31,True
2018,7,C977,Marin Cilic,4250.0,2018-12-31,True
2018,8,TB69,Dominic Thiem,4095.0,2018-12-31,True
2018,9,N552,Kei Nishikori,3590.0,2018-12-31,True
2018,10,I186,John Isner,3155.0,2018-12-31,True
2018,11,KE29,Karen Khachanov,2835.0,2018-12-31,True
2018,12,CG80,Borna Coric,2480.0,2018-12-31,True
2018,13,F510,Fabio Fognini,2315.0,2018-12-31,True
2018,14,E831,Kyle Edmund,2150.0,2018-12-31,True
2018,15,TE51,Stefanos Tsitsipas,2095.0,2018-12-31,True
2018,16,MM58,Daniil Medvedev,1977.0,2018-12-31,True
2018,17,SM37,Diego Schwartzman,1880.0,2018-12-31,True
2018,18,R975,Milos Raonic,1855.0,2018-12-31,True
2018,19,D875,Grigor Dimitrov,1835.0,2018-12-31,True
2018,20,CF01,Marco Cecchinato,1819.0,2018-12-31,True
2019,1,N409,Rafael Nadal,9985.0,2019-12-30,True
2019,2,D643,Novak Djokovic,9145.0,2019-12-30,True
2019,3,F324,Roger Federer,6590.0,2019-12-30,True
2019,4,TB69,Dominic Thiem,5825.0,2019-12-30,True
2019,5,MM58,Daniil Medvedev,5705.0,2019-12-30,True
2019,6,TE51,Stefanos Tsitsipas,5300.0,2019-12-30,True
2019,7,Z355,Alexander Zverev,3345.0,2019-12-30,True
2019,8,BK40,Matteo Berrettini,2870.0,2019-12-30,True
2019,9,BD06,Roberto Bautista Agut,2540.0,2019-12-30,True
2019,10,MC65,Gael Monfils,2530.0,2019-12-30,True
2019,11,GB88,David Goffin,2335.0,2019-12-30,True
2019,12,F510,Fabio Fognini,2290.0,2019-12-30,True
2019,13,N552,Kei Nishikori,2180.0,2019-12-30,True
2019,14,SM37,Diego Schwartzman,2125.0,2019-12-30,True
2019,15,SU55,Denis Shapovalov,2050.0,2019-12-30,True
2019,16,W367,Stan Wawrinka,2000.0,2019-12-30,True
2019,17,KE29,Karen Khachanov,1840.0,2019-12-30,True
2019,18,DH58,Alex de Minaur,1775.0,2019-12-30,True
2019,19,I186,John Isner,1770.0,2019-12-30,True
2019,20,D875,Grigor Dimitrov,1747.0,2019-12-30,True
2020,1,D643,Novak Djokovic,12030.0,2020-12-28,True
2020,2,N409,Rafael Nadal,9850.0,2020-12-28,True
2020,3,TB69,Dominic Thiem,9125.0,2020-12-28,True
2020,4,MM58,Daniil Medvedev,8470.0,2020-12-28,True
2020,5,F324,Roger Federer,6630.0,2020-12-28,True
2020,6,TE51,Stefanos Tsitsipas,5925.0,2020-12-28,True
2020,7,Z355,Alexander Zverev,5525.0,2020-12-28,True
2020,8,RE44,Andrey Rublev,4119.0,2020-12-28,True
2020,9,SM37,Diego Schwartzman,3455.0,2020-12-28,True
2020,10,BK40,Matteo Berrettini,3075.0,2020-12-28,True
2020,11,MC65,Gael Monfils,2860.0,2020-12-28,True
2020,12,SU55,Denis Shapovalov,2830.0,2020-12-28,True
2020,13,BD06,Roberto Bautista Agut,2710.0,2020-12-28,True
2020,14,R975,Milos Raonic,2580.0,2020-12-28,True
2020,15,GB88,David Goffin,2555.0,2020-12-28,True
2020,16,CD85,Pablo Carreno Busta,2535.0,2020-12-28,True
2020,17,F510,Fabio Fognini,2400.0,2020-12-28,True
2020,18,W367,Stan Wawrinka,2320.0,2020-12-28,True
2020,19,D875,Grigor Dimitrov,2260.0,2020-12-28,True
2020,20,KE29,Karen Khachanov,2245.0,2020-12-28,True
2021,1,D643,Novak Djokovic,11540.0,2021-12-27,True
2021,2,MM58,Daniil Medvedev,8640.0,2021-12-27,True
2021,3,Z355,Alexander Zverev,7840.0,2021-12-27,True
2021,4,TE51,Stefanos Tsitsipas,6540.0,2021-12-27,True
2021,5,RE44,Andrey Rublev,5150.0,2021-12-27,True
2021,6,N409,Rafael Nadal,4875.0,2021-12-27,True
2021,7,BK40,Matteo Berrettini,4568.0,2021-12-27,True
2021,8,RH16,Casper Ruud,4160.0,2021-12-27,True
2021,9,HB71,Hubert Hurkacz,3706.0,2021-12-27,True
2021,10,S0AG,Jannik Sinner,3350.0,2021-12-27,True
2021,11,AG37,Felix Auger-Aliassime,3308.0,2021-12-27,True
2021,12,N771,Cameron Norrie,2945.0,2021-12-27,True
2021,13,SM37,Diego Schwartzman,2625.0,2021-12-27,True
2021,14,SU55,Denis Shapovalov,2475.0,2021-12-27,True
2021,15,TB69,Dominic Thiem,2425.0,2021-12-27,True
2021,16,F324,Roger Federer,2385.0,2021-12-27,True
2021,17,GD64,Cristian Garin,2353.0,2021-12-27,True
2021,18,KC56,Aslan Karatsev,2351.0,2021-12-27,True
2021,19,BD06,Roberto Bautista Agut,2260.0,2021-12-27,True
2021,20,CD85,Pablo Carreno Busta,2230.0,2021-12-27,True
2022,1,A0E2,Carlos Alcaraz,6820.0,2022-12-26,True
2022,2,N409,Rafael Nadal,6020.0,2022-12-26,True
2022,3,RH16,Casper Ruud,5820.0,2022-12-26,True
2022,4,TE51,Stefanos Tsitsipas,5550.0,2022-12-26,True
2022,5,D643,Novak Djokovic,4820.0,2022-12-26,True
2022,6,AG37,Felix Auger-Aliassime,4195.0,2022-12-26,True
2022,7,MM58,Daniil Medvedev,4065.0,2022-12-26,True
2022,8,RE44,Andrey Rublev,3930.0,2022-12-26,True
2022,9,FB98,Taylor Fritz,3355.0,2022-12-26,True
2022,10,HB71,Hubert Hurkacz,2905.0,2022-12-26,True
2022,11,R0DG,Holger Rune,2888.0,2022-12-26,True
2022,12,Z355,Alexander Zverev,2700.0,2022-12-26,True
2022,13,CD85,Pablo Carreno Busta,2495.0,2022-12-26,True
2022,14,N771,Cameron Norrie,2445.0,2022-12-26,True
2022,15,S0AG,Jannik Sinner,2410.0,2022-12-26,True
2022,16,BK40,Matteo Berrettini,2375.0,2022-12-26,True
2022,17,C977,Marin Cilic,2105.0,2022-12-26,True
2022,18,SU55,Denis Shapovalov,2075.0,2022-12-26,True
2022,19,TD51,Frances Tiafoe,2000.0,2022-12-26,True
2022,20,KE29,Karen Khachanov,1990.0,2022-12-26,True
2023,1,D643,Novak Djokovic,11245.0,2023-12-25,True
2023,2,A0E2,Carlos Alcaraz,8855.0,2023-12-25,True
2023,3,MM58,Daniil Medvedev,7600.0,2023-12-25,True
2023,4,S0AG,Jannik Sinner,6490.0,2023-12-25,True
2023,5,RE44,Andrey Rublev,4805.0,2023-12-25,True
2023,6,TE51,Stefanos Tsitsipas,4235.0,2023-12-25,True
2023,7,Z355,Alexander Zverev,3985.0,2023-12-25,True
2023,8,R0DG,Holger Rune,3660.0,2023-12-25,True
2023,9,HB71,Hubert Hurkacz,3245.0,2023-12-25,True
2023,10,FB98,Taylor Fritz,3100.0,2023-12-25,True
2023,11,RH16,Casper Ruud,2825.0,2023-12-25,True
2023,12,DH58,Alex de Minaur,2740.0,2023-12-25,True
2023,13,PL56,Tommy Paul,2665.0,2023-12-25,True
2023,14,D875,Grigor Dimitrov,2570.0,2023-12-25,True
2023,15,KE29,Karen Khachanov,2520.0,2023-12-25,True
2023,16,TD51,Frances Tiafoe,2310.0,2023-12-25,True
2023,17,S0S1,Ben Shelton,2145.0,2023-12-25,True
2023,18,N771,Cameron Norrie,1940.0,2023-12-25,True
2023,19,J551,Nicolas Jarry,1810.0,2023-12-25,True
2023,20,HH26,Ugo Humbert,1765.0,2023-12-25,True
2024,1,S0AG,Jannik Sinner,11830.0,2024-12-30,True
2024,2,Z355,Alexander Zverev,7915.0,2024-12-30,True
2024,3,A0E2,Carlos Alcaraz,7010.0,2024-12-30,True
2024,4,FB98,Taylor Fritz,5100.0,2024-12-30,True
2024,5,MM58,Daniil Medvedev,5030.0,2024-12-30,True
2024,6,RH16,Casper Ruud,4255.0,2024-12-30,True
2024,7,D643,Novak Djokovic,3910.0,2024-12-30,True
2024,8,RE44,Andrey Rublev,3760.0,2024-12-30,True
2024,9,DH58,Alex de Minaur,3745.0,2024-12-30,True
2024,10,D875,Grigor Dimitrov,3350.0,2024-12-30,True
2024,11,TE51,Stefanos Tsitsipas,3165.0,2024-12-30,True
2024,12,PL56,Tommy Paul,3145.0,2024-12-30,True
2024,13,R0DG,Holger Rune,3025.0,2024-12-30,True
2024,14,HH26,Ugo Humbert,2765.0,2024-12-30,True
2024,15,D0CO,Jack Draper,2685.0,2024-12-30,True
2024,16,HB71,Hubert Hurkacz,2640.0,2024-12-30,True
2024,17,M0EJ,Lorenzo Musetti,2600.0,2024-12-30,True
2024,18,TD51,Frances Tiafoe,2585.0,2024-12-30,True
2024,19,KE29,Karen Khachanov,2410.0,2024-12-30,True
2024,20,F0F1,Arthur Fils,2355.0,2024-12-30,True
2025,1,A0E2,Carlos Alcaraz,12050.0,2025-12-29,True
2025,2,S0AG,Jannik Sinner,11500.0,2025-12-29,True
2025,3,Z355,Alexander Zverev,5110.0,2025-12-29,True
2025,4,D643,Novak Djokovic,4820.0,2025-12-29,True
2025,5,AG37,Felix Auger-Aliassime,4190.0,2025-12-29,True
2025,6,FB98,Taylor Fritz,4085.0,2025-12-29,True
2025,7,DH58,Alex de Minaur,4080.0,2025-12-29,True
2025,8,M0EJ,Lorenzo Musetti,3990.0,2025-12-29,True
2025,9,S0S1,Ben Shelton,3960.0,2025-12-29,True
2025,10,D0CO,Jack Draper,2990.0,2025-12-29,True
2025,11,BK92,Alexander Bublik,2845.0,2025-12-29,True
2025,12,RH16,Casper Ruud,2825.0,2025-12-29,True
2025,13,MM58,Daniil Medvedev,2710.0,2025-12-29,True
2025,14,DH50,Alejandro Davidovich Fokina,2585.0,2025-12-29,True
2025,15,R0DG,Holger Rune,2580.0,2025-12-29,True
2025,16,RE44,Andrey Rublev,2510.0,2025-12-29,True
2025,17,KE29,Karen Khachanov,2320.0,2025-12-29,True
2025,18,L0BV,Jiri Lehecka,2315.0,2025-12-29,True
2025,19,M0NI,Jakub Mensik,2150.0,2025-12-29,True
2025,20,PL56,Tommy Paul,2050.0,2025-12-29,True
2026,1,A0E2,Carlos Alcaraz,12050.0,2026-01-19,False
2026,2,S0AG,Jannik Sinner,11500.0,2026-01-19,False
2026,3,Z355,Alexander Zverev,5105.0,2026-01-19,False
2026,4,D643,Novak Djokovic,4780.0,2026-01-19,False
2026,5,M0EJ,Lorenzo Musetti,4105.0,2026-01-19,False
2026,6,DH58,Alex de Minaur,4080.0,2026-01-19,False
2026,7,S0S1,Ben Shelton,4000.0,2026-01-19,False
2026,8,AG37,Felix Auger-Aliassime,3990.0,2026-01-19,False
2026,9,FB98,Taylor Fritz,3840.0,2026-01-19,False
2026,10,BK92,Alexander Bublik,3065.0,2026-01-19,False
2026,11,D0CO,Jack Draper,2990.0,2026-01-19,False
2026,12,MM58,Daniil Medvedev,2910.0,2026-01-19,False
2026,13,RH16,Casper Ruud,2795.0,2026-01-19,False
2026,14,DH50,Alejandro Davidovich Fokina,2635.0,2026-01-19,False
2026,15,RE44,Andrey Rublev,2600.0,2026-01-19,False
2026,16,R0DG,Holger Rune,2580.0,2026-01-19,False
2026,17,M0NI,Jakub Mensik,2345.0,2026-01-19,False
2026,18,KE29,Karen Khachanov,2320.0,2026-01-19,False
2026,19,L0BV,Jiri Lehecka,2090.0,2026-01-19,False
2026,20,PL56,Tommy Paul,2050.0,2026-01-19,False
